-- phpMyAdmin SQL Dump
-- version 4.1.8
-- http://www.phpmyadmin.net
--
-- Host: localhost
-- Generation Time: Jul 03, 2014 at 09:39 AM
-- Server version: 5.5.37-cll
-- PHP Version: 5.4.23

SET SQL_MODE = "NO_AUTO_VALUE_ON_ZERO";
SET time_zone = "+00:00";


/*!40101 SET @OLD_CHARACTER_SET_CLIENT=@@CHARACTER_SET_CLIENT */;
/*!40101 SET @OLD_CHARACTER_SET_RESULTS=@@CHARACTER_SET_RESULTS */;
/*!40101 SET @OLD_COLLATION_CONNECTION=@@COLLATION_CONNECTION */;
/*!40101 SET NAMES utf8 */;

--
-- Database: `jmoser_blog`
--

-- --------------------------------------------------------

--
-- Table structure for table `unknownapp_bmlivestats_events`
--

CREATE TABLE IF NOT EXISTS `unknownapp_bmlivestats_events` (
  `event_id` int(11) NOT NULL AUTO_INCREMENT,
  `name` varchar(50) NOT NULL,
  `location` varchar(50) NOT NULL,
  `created` datetime NOT NULL,
  `created_by` varchar(20) NOT NULL,
  `is_published` tinyint(1) NOT NULL,
  PRIMARY KEY (`event_id`)
) ENGINE=MyISAM  DEFAULT CHARSET=utf8 AUTO_INCREMENT=39 ;

--
-- Dumping data for table `unknownapp_bmlivestats_events`
--

INSERT INTO `unknownapp_bmlivestats_events` (`event_id`, `name`, `location`, `created`, `created_by`, `is_published`) VALUES
(1, 'Red Bluff\\''s Rodeo', 'Red Bluff, CA', '2014-06-13 04:58:17', '1', 1),
(2, 'Reno Rodeo', 'Reno, NV', '2014-06-13 04:53:22', '1', 1),
(3, 'Event', 'Red Bulff, CA', '2014-04-20 01:03:23', '2', 1),
(4, 'Kingsmen Patriot Xtreme Bulls', 'Kingman, AZ', '2014-04-28 18:38:11', '2', 1),
(5, 'Laurel Canyon', 'Malabu, CA', '2014-05-02 02:46:02', '2', 1),
(6, 'Laurel Canyon', 'Malabu, CA', '2014-04-29 18:19:37', '2', 0),
(7, 'Laurel Canyon', 'Malabu, CA', '2014-04-29 18:22:09', '2', 1),
(25, '', '', '2014-06-13 03:47:51', '0', 0),
(24, '', '', '2014-06-13 03:47:42', '0', 0),
(10, 'Tim\\''s Test Event', 'Lexington', '2014-05-15 20:19:56', '2', 1),
(11, 'Kingman Test', 'AZ', '2014-05-15 20:27:07', '2', 1),
(12, 'Kingman Test', 'AZ', '2014-05-15 20:27:20', '2', 1),
(13, 'Kingman Test', 'AZ', '2014-05-15 20:27:31', '2', 1),
(14, 'Reno Rodeo', 'Reno, NV', '2014-05-21 18:25:00', '2', 0),
(15, 'Reno Rodeo', 'Reno, NV', '2014-05-21 18:25:40', '2', 0),
(23, '', '', '2014-06-13 03:46:59', '0', 0),
(26, '', '', '2014-06-13 03:53:31', '0', 0),
(22, 'Test1', 'Lexington, KY', '2014-06-11 20:30:10', '4', 1),
(21, 'Kingman Xtreme Bulls', 'Kingman, AZ', '2014-06-11 19:03:35', '4', 1),
(20, 'Kingman Xtreme Bulls', 'Kingman, AZ', '2014-06-11 19:03:25', '4', 1),
(27, '', '', '2014-06-13 03:53:41', '0', 0),
(28, '', '', '2014-06-13 03:56:15', '0', 0),
(29, '', '', '2014-06-13 03:59:22', '0', 0),
(30, 'Holly\\''s Lexington Test - Friday the 13th -', 'Lexington, KY', '2014-06-13 12:37:07', '4', 1),
(31, '', '', '2014-06-13 15:17:44', '0', 0),
(32, 'LIvermore Pro Rodeo', 'Livermore, CA', '2014-06-15 19:52:53', '5', 1),
(33, 'test', 'test', '2014-06-19 18:09:45', '4', 1),
(34, 'test', 'test, TE', '2014-06-19 19:16:20', '4', 1),
(38, '', '', '2014-06-19 19:16:23', '0', 0),
(36, 'test', 'test, TE', '2014-06-19 19:12:57', '4', 1),
(37, 'test', 'test, TE', '2014-06-19 19:14:06', '4', 1);

-- --------------------------------------------------------

--
-- Table structure for table `unknownapp_bmlivestats_event_type`
--

CREATE TABLE IF NOT EXISTS `unknownapp_bmlivestats_event_type` (
  `event_type_id` int(11) NOT NULL AUTO_INCREMENT,
  `type_name` varchar(100) NOT NULL,
  PRIMARY KEY (`event_type_id`)
) ENGINE=MyISAM  DEFAULT CHARSET=utf8 AUTO_INCREMENT=8 ;

--
-- Dumping data for table `unknownapp_bmlivestats_event_type`
--

INSERT INTO `unknownapp_bmlivestats_event_type` (`event_type_id`, `type_name`) VALUES
(1, 'Bareback'),
(2, 'Bareback Broncs'),
(3, 'Steer Wrestling'),
(4, 'Barrel Racing'),
(5, 'Tie-Down Roping'),
(6, 'Team Roping'),
(7, 'Bull Riding');

-- --------------------------------------------------------

--
-- Table structure for table `unknownapp_bmlivestats_performance`
--

CREATE TABLE IF NOT EXISTS `unknownapp_bmlivestats_performance` (
  `perf_id` int(11) NOT NULL AUTO_INCREMENT,
  `event_id` int(11) NOT NULL,
  `date` datetime DEFAULT NULL,
  `perf_num` tinyint(4) NOT NULL,
  PRIMARY KEY (`perf_id`)
) ENGINE=MyISAM  DEFAULT CHARSET=utf8 AUTO_INCREMENT=54 ;

--
-- Dumping data for table `unknownapp_bmlivestats_performance`
--

INSERT INTO `unknownapp_bmlivestats_performance` (`perf_id`, `event_id`, `date`, `perf_num`) VALUES
(1, 1, '2014-06-21 12:00:00', 1),
(2, 2, '2014-06-14 16:00:00', 1),
(3, 2, '2014-06-15 13:00:00', 2),
(4, 3, '2014-04-30 00:00:00', 1),
(5, 3, '2014-04-30 00:00:00', 2),
(6, 4, '2014-05-09 18:00:00', 1),
(7, 5, '2014-04-30 14:00:00', 1),
(8, 5, '2014-05-15 14:00:00', 2),
(9, 5, '2014-05-30 14:00:00', 3),
(10, 8, '2014-05-13 00:00:00', 1),
(11, 9, '2014-05-15 00:00:00', 1),
(12, 10, '2014-05-16 00:00:00', 1),
(13, 10, '2014-05-17 00:00:00', 2),
(14, 11, '2014-05-16 00:00:00', 1),
(15, 12, '2014-05-16 00:00:00', 1),
(16, 13, '2014-05-16 00:00:00', 1),
(17, 14, '2014-06-28 10:00:00', 1),
(18, 14, '2014-06-28 14:00:00', 2),
(19, 15, '2014-06-28 10:00:00', 1),
(20, 15, '2014-06-28 14:00:00', 2),
(21, 16, '2014-06-07 11:04:00', 1),
(22, 16, '2014-06-03 01:18:00', 2),
(23, 16, '2014-06-20 16:19:00', 3),
(24, 17, '2014-06-10 19:18:00', 1),
(25, 17, '2014-06-06 11:47:00', 2),
(26, 17, '2014-06-26 01:05:00', 3),
(27, 17, '2014-06-17 17:14:00', 4),
(28, 18, '2014-06-12 18:17:00', 1),
(29, 18, '2014-06-12 18:17:00', 2),
(30, 19, '2014-06-12 18:17:00', 1),
(31, 19, '2014-06-12 18:17:00', 2),
(32, 20, '2014-06-12 18:00:00', 1),
(33, 21, '2014-06-12 18:00:00', 1),
(34, 22, '2014-06-12 17:00:00', 1),
(35, 22, '2014-06-14 17:00:00', 2),
(36, 1, '2014-06-22 18:00:00', 2),
(37, 30, '2014-06-13 08:33:00', 1),
(38, 30, '2014-06-14 03:03:00', 2),
(39, 32, '2014-06-14 15:00:00', 1),
(40, 32, '2014-06-15 15:00:00', 2),
(41, 33, '2014-06-19 17:18:00', 1),
(42, 34, '2014-06-20 18:00:00', 1),
(43, 34, '2014-06-21 14:00:00', 2),
(44, 34, '2014-06-23 16:00:00', 3),
(45, 35, '2014-06-20 18:00:00', 1),
(46, 35, '2014-06-21 14:00:00', 2),
(47, 35, '2014-06-23 16:00:00', 3),
(48, 36, '2014-06-20 18:00:00', 1),
(49, 36, '2014-06-21 14:00:00', 2),
(50, 36, '2014-06-23 16:00:00', 3),
(51, 37, '2014-06-20 18:00:00', 1),
(52, 37, '2014-06-21 14:00:00', 2),
(53, 37, '2014-06-23 16:00:00', 3);

-- --------------------------------------------------------

--
-- Table structure for table `unknownapp_bmlivestats_perf_event`
--

CREATE TABLE IF NOT EXISTS `unknownapp_bmlivestats_perf_event` (
  `perf_event_id` int(11) NOT NULL AUTO_INCREMENT,
  `perf_id` int(11) NOT NULL,
  `event_type_id` int(11) NOT NULL,
  PRIMARY KEY (`perf_event_id`)
) ENGINE=MyISAM  DEFAULT CHARSET=utf8 AUTO_INCREMENT=107 ;

--
-- Dumping data for table `unknownapp_bmlivestats_perf_event`
--

INSERT INTO `unknownapp_bmlivestats_perf_event` (`perf_event_id`, `perf_id`, `event_type_id`) VALUES
(1, 1, 1),
(2, 1, 2),
(3, 1, 3),
(4, 2, 4),
(5, 2, 5),
(6, 2, 6),
(7, 3, 1),
(8, 3, 2),
(9, 3, 7),
(10, 6, 7),
(11, 7, 1),
(12, 7, 2),
(13, 7, 3),
(14, 10, 1),
(15, 10, 3),
(16, 12, 1),
(17, 12, 2),
(18, 12, 3),
(19, 13, 1),
(20, 13, 5),
(21, 13, 6),
(22, 13, 7),
(23, 15, 7),
(24, 14, 7),
(25, 17, 3),
(26, 18, 7),
(27, 21, 1),
(28, 22, 4),
(29, 23, 4),
(30, 21, 1),
(31, 21, 2),
(32, 21, 3),
(33, 22, 3),
(34, 22, 4),
(35, 22, 7),
(36, 23, 4),
(37, 23, 5),
(38, 23, 6),
(39, 21, 1),
(40, 21, 2),
(41, 21, 3),
(42, 22, 3),
(43, 22, 4),
(44, 22, 7),
(45, 23, 4),
(46, 23, 5),
(47, 23, 6),
(48, 24, 2),
(49, 25, 1),
(50, 26, 3),
(51, 27, 6),
(52, 30, 1),
(53, 30, 2),
(54, 30, 3),
(55, 30, 4),
(56, 30, 5),
(57, 30, 6),
(58, 31, 3),
(59, 31, 5),
(60, 28, 1),
(61, 28, 4),
(62, 29, 2),
(63, 29, 3),
(64, 32, 7),
(65, 34, 1),
(66, 34, 2),
(67, 34, 3),
(68, 35, 7),
(69, 37, 3),
(70, 37, 5),
(71, 38, 2),
(72, 38, 4),
(73, 39, 1),
(74, 39, 2),
(75, 39, 3),
(76, 39, 4),
(77, 39, 5),
(78, 39, 6),
(79, 39, 7),
(80, 40, 1),
(81, 40, 2),
(82, 40, 3),
(83, 40, 4),
(84, 40, 5),
(85, 40, 6),
(86, 40, 7),
(87, 41, 1),
(88, 42, 1),
(89, 42, 2),
(90, 42, 3),
(91, 42, 4),
(92, 42, 5),
(93, 42, 6),
(94, 42, 7),
(95, 43, 2),
(96, 43, 4),
(97, 44, 2),
(98, 44, 3),
(99, 44, 4),
(100, 44, 5),
(101, 44, 6),
(102, 44, 7),
(103, 48, 3),
(104, 49, 4),
(105, 50, 1),
(106, 50, 3);

-- --------------------------------------------------------

--
-- Table structure for table `unknownapp_bmlivestats_stats`
--

CREATE TABLE IF NOT EXISTS `unknownapp_bmlivestats_stats` (
  `perf_event_id` int(11) NOT NULL,
  `row_id` int(11) NOT NULL,
  `stats_meta_id` int(11) NOT NULL,
  `value` varchar(50) NOT NULL,
  `created` datetime NOT NULL,
  `created_by` int(11) NOT NULL
) ENGINE=MyISAM DEFAULT CHARSET=utf8;

--
-- Dumping data for table `unknownapp_bmlivestats_stats`
--

INSERT INTO `unknownapp_bmlivestats_stats` (`perf_event_id`, `row_id`, `stats_meta_id`, `value`, `created`, `created_by`) VALUES
(71, 2, 387, 'test', '2014-06-13 12:35:27', 0),
(71, 2, 388, 'test', '2014-06-13 12:35:27', 0),
(1, 17, 6, '', '2014-06-13 02:45:41', 0),
(1, 17, 5, '', '2014-06-13 02:45:41', 0),
(1, 17, 4, '', '2014-06-13 02:45:41', 0),
(1, 17, 3, '', '2014-06-13 02:45:41', 0),
(1, 17, 2, '', '2014-06-13 02:45:41', 0),
(1, 17, 1, '', '2014-06-13 02:45:41', 0),
(1, 16, 6, '', '2014-06-13 02:45:41', 0),
(1, 16, 5, '', '2014-06-13 02:45:41', 0),
(1, 16, 4, '', '2014-06-13 02:45:41', 0),
(1, 16, 3, '', '2014-06-13 02:45:41', 0),
(1, 16, 2, '', '2014-06-13 02:45:41', 0),
(1, 16, 1, '', '2014-06-13 02:45:41', 0),
(1, 15, 6, '', '2014-06-13 02:45:41', 0),
(1, 15, 5, '', '2014-06-13 02:45:41', 0),
(1, 15, 4, '', '2014-06-13 02:45:41', 0),
(1, 15, 3, '', '2014-06-13 02:45:41', 0),
(1, 15, 2, '', '2014-06-13 02:45:41', 0),
(1, 15, 1, '', '2014-06-13 02:45:41', 0),
(1, 14, 6, '', '2014-06-13 02:45:41', 0),
(1, 14, 5, '', '2014-06-13 02:45:41', 0),
(1, 14, 4, '', '2014-06-13 02:45:41', 0),
(1, 14, 3, '', '2014-06-13 02:45:41', 0),
(1, 14, 2, '', '2014-06-13 02:45:41', 0),
(1, 14, 1, '', '2014-06-13 02:45:41', 0),
(1, 13, 6, '', '2014-06-13 02:45:41', 0),
(1, 13, 5, '', '2014-06-13 02:45:41', 0),
(1, 13, 4, '', '2014-06-13 02:45:41', 0),
(1, 13, 3, '', '2014-06-13 02:45:41', 0),
(1, 13, 2, '', '2014-06-13 02:45:41', 0),
(1, 13, 1, '', '2014-06-13 02:45:41', 0),
(1, 12, 6, 'pops in without refreshing page', '2014-06-13 02:45:41', 0),
(1, 12, 5, '9.4', '2014-06-13 02:45:41', 0),
(1, 12, 4, 'Burmashave', '2014-06-13 02:45:41', 0),
(1, 12, 3, 'Parts Unknown', '2014-06-13 02:45:41', 0),
(1, 12, 2, 'Taylor Stout', '2014-06-13 02:45:41', 0),
(1, 12, 1, '11', '2014-06-13 02:45:41', 0),
(1, 11, 6, 'new update', '2014-06-13 02:45:41', 0),
(1, 11, 5, '9.2', '2014-06-13 02:45:41', 0),
(1, 11, 4, 'New', '2014-06-13 02:45:41', 0),
(1, 11, 3, 'Parts Unknown', '2014-06-13 02:45:41', 0),
(1, 11, 2, 'J.D. McCuistion', '2014-06-13 02:45:41', 0),
(1, 10, 6, 'winning by a lot', '2014-06-13 02:45:41', 0),
(1, 11, 1, '10 ', '2014-06-13 02:45:41', 0),
(1, 10, 5, '9.0', '2014-06-13 02:45:41', 0),
(1, 10, 4, 'All', '2014-06-13 02:45:41', 0),
(1, 10, 3, 'Parts Unknown', '2014-06-13 02:45:41', 0),
(1, 10, 2, 'Wade White', '2014-06-13 02:45:41', 0),
(1, 10, 1, '9 ', '2014-06-13 02:45:41', 0),
(1, 9, 6, 'using Ajax', '2014-06-13 02:45:41', 0),
(1, 9, 5, '8.8', '2014-06-13 02:45:41', 0),
(1, 9, 4, 'The', '2014-06-13 02:45:41', 0),
(1, 9, 3, 'Parts Unknown', '2014-06-13 02:45:41', 0),
(2, 11, 9, 'Parts Unknown', '2014-04-16 13:44:32', 0),
(2, 11, 8, 'J.D. McCuistion', '2014-04-16 13:44:32', 0),
(2, 11, 7, '10 ', '2014-04-16 13:44:32', 0),
(2, 10, 12, '', '2014-04-16 13:44:32', 0),
(2, 10, 11, '9.0', '2014-04-16 13:44:32', 0),
(2, 10, 10, 'All', '2014-04-16 13:44:32', 0),
(2, 10, 9, 'Parts Unknown', '2014-04-16 13:44:32', 0),
(2, 10, 8, 'Wade White', '2014-04-16 13:44:32', 0),
(2, 9, 12, '', '2014-04-16 13:44:32', 0),
(2, 10, 7, '9 ', '2014-04-16 13:44:32', 0),
(2, 9, 11, '8.8', '2014-04-16 13:44:32', 0),
(2, 9, 10, 'The', '2014-04-16 13:44:32', 0),
(2, 9, 9, 'Parts Unknown', '2014-04-16 13:44:32', 0),
(2, 9, 8, 'Mike Johnson', '2014-04-16 13:44:32', 0),
(2, 9, 7, '8 ', '2014-04-16 13:44:32', 0),
(2, 8, 12, '', '2014-04-16 13:44:32', 0),
(2, 8, 11, '8.7', '2014-04-16 13:44:32', 0),
(2, 8, 10, 'Try', '2014-04-16 13:44:32', 0),
(2, 8, 9, 'Parts Unknown', '2014-04-16 13:44:32', 0),
(2, 8, 8, 'Clint Akins', '2014-04-16 13:44:32', 0),
(2, 8, 7, '6 ', '2014-04-16 13:44:32', 0),
(2, 7, 12, '', '2014-04-16 13:44:32', 0),
(2, 7, 11, '8.7', '2014-04-16 13:44:32', 0),
(2, 7, 10, 'Powa', '2014-04-16 13:44:32', 0),
(2, 7, 9, 'Parts Unknown', '2014-04-16 13:44:32', 0),
(2, 7, 8, 'Justin Maass', '2014-04-16 13:44:32', 0),
(2, 7, 7, '6 ', '2014-04-16 13:44:32', 0),
(2, 6, 12, '', '2014-04-16 13:44:32', 0),
(2, 6, 11, '8.5', '2014-04-16 13:44:32', 0),
(2, 6, 10, 'Tha', '2014-04-16 13:44:32', 0),
(2, 6, 9, 'Parts Unknown', '2014-04-16 13:44:32', 0),
(2, 6, 8, 'Marty Yates', '2014-04-16 13:44:32', 0),
(2, 6, 7, '5 ', '2014-04-16 13:44:32', 0),
(2, 5, 12, '', '2014-04-16 13:44:32', 0),
(2, 5, 11, '8.4', '2014-04-16 13:44:32', 0),
(2, 5, 10, 'Fight', '2014-04-16 13:44:32', 0),
(2, 5, 9, 'Parts Unknown', '2014-04-16 13:44:32', 0),
(2, 5, 8, 'Cory Solomon', '2014-04-16 13:44:32', 0),
(2, 5, 7, '2', '2014-04-16 13:44:32', 0),
(2, 4, 12, '', '2014-04-16 13:44:32', 0),
(2, 4, 11, '8.4', '2014-04-16 13:44:32', 0),
(2, 4, 10, 'Machine', '2014-04-16 13:44:32', 0),
(2, 4, 9, 'Parts Unknown', '2014-04-16 13:44:32', 0),
(2, 4, 8, 'Adam Gray', '2014-04-16 13:44:32', 0),
(2, 3, 12, '', '2014-04-16 13:44:32', 0),
(2, 4, 7, '2', '2014-04-16 13:44:32', 0),
(2, 3, 11, '8.4', '2014-04-16 13:44:32', 0),
(2, 3, 10, 'The', '2014-04-16 13:44:32', 0),
(2, 3, 9, 'Parts Unknown', '2014-04-16 13:44:32', 0),
(2, 3, 8, 'Chant DeForest', '2014-04-16 13:44:32', 0),
(2, 3, 7, '2', '2014-04-16 13:44:32', 0),
(2, 2, 12, '', '2014-04-16 13:44:32', 0),
(2, 2, 11, '8.0', '2014-04-16 13:44:32', 0),
(2, 2, 10, 'Against', '2014-04-16 13:44:32', 0),
(2, 2, 9, 'Parts Unknown', '2014-04-16 13:44:32', 0),
(2, 2, 8, 'Randall Carlisle', '2014-04-16 13:44:32', 0),
(2, 2, 7, '1 ', '2014-04-16 13:44:32', 0),
(2, 1, 12, 'No more notes on bareback broncs', '2014-04-16 13:44:32', 0),
(2, 1, 11, '8.4', '2014-04-16 13:44:32', 0),
(2, 1, 10, 'Rage', '2014-04-16 13:44:32', 0),
(2, 1, 9, 'Hades, NM', '2014-04-16 13:44:32', 0),
(2, 1, 8, 'Joe Black', '2014-04-16 13:44:32', 0),
(2, 1, 7, '1', '2014-04-16 13:44:32', 0),
(2, 11, 10, 'New', '2014-04-16 13:44:32', 0),
(2, 11, 11, '9.2', '2014-04-16 13:44:32', 0),
(2, 11, 12, '', '2014-04-16 13:44:32', 0),
(2, 12, 7, '11', '2014-04-16 13:44:32', 0),
(2, 12, 8, 'Taylor Stout', '2014-04-16 13:44:32', 0),
(2, 12, 9, 'Parts Unknown', '2014-04-16 13:44:32', 0),
(2, 12, 10, 'Burmashave', '2014-04-16 13:44:32', 0),
(2, 12, 11, '9.4', '2014-04-16 13:44:32', 0),
(2, 12, 12, '', '2014-04-16 13:44:32', 0),
(4, 14, 22, '', '2014-05-06 16:57:59', 0),
(4, 14, 21, '', '2014-05-06 16:57:59', 0),
(3, 17, 17, '', '2014-04-16 14:50:04', 0),
(3, 17, 16, '', '2014-04-16 14:50:04', 0),
(3, 17, 15, '', '2014-04-16 14:50:04', 0),
(3, 17, 14, '', '2014-04-16 14:50:04', 0),
(3, 17, 13, '', '2014-04-16 14:50:04', 0),
(3, 16, 17, '', '2014-04-16 14:50:04', 0),
(3, 16, 16, '', '2014-04-16 14:50:04', 0),
(3, 16, 15, '', '2014-04-16 14:50:04', 0),
(3, 16, 14, '', '2014-04-16 14:50:04', 0),
(3, 16, 13, '', '2014-04-16 14:50:04', 0),
(3, 15, 17, '', '2014-04-16 14:50:04', 0),
(3, 15, 16, '', '2014-04-16 14:50:04', 0),
(3, 15, 15, '', '2014-04-16 14:50:04', 0),
(3, 15, 14, '', '2014-04-16 14:50:04', 0),
(3, 15, 13, '', '2014-04-16 14:50:04', 0),
(3, 14, 17, '', '2014-04-16 14:50:04', 0),
(3, 14, 16, '', '2014-04-16 14:50:04', 0),
(3, 14, 15, '', '2014-04-16 14:50:04', 0),
(3, 14, 14, '', '2014-04-16 14:50:04', 0),
(3, 14, 13, '', '2014-04-16 14:50:04', 0),
(3, 13, 17, '', '2014-04-16 14:50:04', 0),
(3, 13, 16, '', '2014-04-16 14:50:04', 0),
(3, 13, 15, '', '2014-04-16 14:50:04', 0),
(3, 13, 14, '', '2014-04-16 14:50:04', 0),
(3, 13, 13, '', '2014-04-16 14:50:04', 0),
(3, 12, 17, '', '2014-04-16 14:50:04', 0),
(3, 12, 16, '9.4', '2014-04-16 14:50:04', 0),
(3, 12, 15, 'Parts Unknown', '2014-04-16 14:50:04', 0),
(3, 12, 14, 'Taylor Stout', '2014-04-16 14:50:04', 0),
(3, 12, 13, '11', '2014-04-16 14:50:04', 0),
(3, 11, 17, '', '2014-04-16 14:50:04', 0),
(3, 11, 16, '9.2', '2014-04-16 14:50:04', 0),
(3, 11, 14, 'J.D. McCuistion', '2014-04-16 14:50:04', 0),
(3, 11, 15, 'Parts Unknown', '2014-04-16 14:50:04', 0),
(3, 11, 13, '10 ', '2014-04-16 14:50:04', 0),
(3, 10, 17, '', '2014-04-16 14:50:04', 0),
(3, 10, 16, '9.0', '2014-04-16 14:50:04', 0),
(3, 10, 15, 'Parts Unknown', '2014-04-16 14:50:04', 0),
(3, 10, 14, 'Wade White', '2014-04-16 14:50:04', 0),
(3, 10, 13, '9 ', '2014-04-16 14:50:04', 0),
(3, 9, 17, '', '2014-04-16 14:50:04', 0),
(3, 9, 16, '8.8', '2014-04-16 14:50:04', 0),
(3, 9, 15, 'Parts Unknown', '2014-04-16 14:50:04', 0),
(3, 9, 14, 'Mike Johnson', '2014-04-16 14:50:04', 0),
(3, 9, 13, '8 ', '2014-04-16 14:50:04', 0),
(3, 8, 17, '', '2014-04-16 14:50:04', 0),
(3, 8, 16, '8.7', '2014-04-16 14:50:04', 0),
(3, 8, 15, 'Parts Unknown', '2014-04-16 14:50:04', 0),
(3, 8, 14, 'Clint Akins', '2014-04-16 14:50:04', 0),
(3, 8, 13, '6 ', '2014-04-16 14:50:04', 0),
(3, 7, 17, '', '2014-04-16 14:50:04', 0),
(3, 7, 16, '8.7', '2014-04-16 14:50:04', 0),
(3, 7, 15, 'Parts Unknown', '2014-04-16 14:50:04', 0),
(3, 7, 14, 'Justin Maass', '2014-04-16 14:50:04', 0),
(3, 7, 13, '6 ', '2014-04-16 14:50:04', 0),
(3, 6, 17, '', '2014-04-16 14:50:04', 0),
(3, 6, 15, 'Parts Unknown', '2014-04-16 14:50:04', 0),
(3, 6, 16, '8.5', '2014-04-16 14:50:04', 0),
(3, 6, 14, 'Marty Yates', '2014-04-16 14:50:04', 0),
(3, 6, 13, '5 ', '2014-04-16 14:50:04', 0),
(3, 5, 17, '', '2014-04-16 14:50:04', 0),
(3, 5, 16, '8.4', '2014-04-16 14:50:04', 0),
(3, 5, 15, 'Parts Unknown', '2014-04-16 14:50:04', 0),
(3, 5, 14, 'Cory Solomon', '2014-04-16 14:50:04', 0),
(3, 5, 13, '2', '2014-04-16 14:50:04', 0),
(3, 4, 17, '', '2014-04-16 14:50:04', 0),
(3, 4, 16, '8.4', '2014-04-16 14:50:04', 0),
(3, 4, 15, 'Parts Unknown', '2014-04-16 14:50:04', 0),
(3, 4, 14, 'Adam Gray', '2014-04-16 14:50:04', 0),
(4, 14, 20, '', '2014-05-06 16:57:59', 0),
(4, 14, 19, '', '2014-05-06 16:57:59', 0),
(4, 14, 18, '', '2014-05-06 16:57:59', 0),
(4, 13, 22, '', '2014-05-06 16:57:59', 0),
(4, 13, 21, '9.6', '2014-05-06 16:57:59', 0),
(4, 13, 20, 'Moravian Falls, NC', '2014-05-06 16:57:59', 0),
(4, 13, 19, 'Corey Atwell', '2014-05-06 16:57:59', 0),
(4, 13, 18, '', '2014-05-06 16:57:59', 0),
(4, 12, 22, '', '2014-05-06 16:57:59', 0),
(4, 12, 21, '9.4', '2014-05-06 16:57:59', 0),
(4, 12, 20, 'Elm Grove, LA', '2014-05-06 16:57:59', 0),
(4, 12, 19, 'Cole Echols', '2014-05-06 16:57:59', 0),
(4, 12, 18, '11', '2014-05-06 16:57:59', 0),
(4, 11, 22, '', '2014-05-06 16:57:59', 0),
(4, 11, 21, '9.2', '2014-05-06 16:57:59', 0),
(4, 11, 20, 'Jasper, TX', '2014-05-06 16:57:59', 0),
(4, 11, 19, 'Cooper Davis', '2014-05-06 16:57:59', 0),
(4, 11, 18, '10 ', '2014-05-06 16:57:59', 0),
(4, 10, 22, '', '2014-05-06 16:57:59', 0),
(4, 10, 21, '9.0', '2014-05-06 16:57:59', 0),
(4, 10, 20, 'Winnie, TX', '2014-05-06 16:57:59', 0),
(4, 10, 19, 'Clayton Foltyn', '2014-05-06 16:57:59', 0),
(4, 10, 18, '9 ', '2014-05-06 16:57:59', 0),
(4, 9, 22, '', '2014-05-06 16:57:59', 0),
(4, 9, 21, '8.8', '2014-05-06 16:57:59', 0),
(4, 9, 20, 'Rapid City, SD', '2014-05-06 16:57:59', 0),
(4, 9, 19, 'Tanner Bothwell', '2014-05-06 16:57:59', 0),
(4, 9, 18, '8 ', '2014-05-06 16:57:59', 0),
(4, 8, 22, '', '2014-05-06 16:57:59', 0),
(4, 8, 21, '8.7', '2014-05-06 16:57:59', 0),
(4, 8, 20, 'Strong City, OK', '2014-05-06 16:57:59', 0),
(4, 8, 19, 'Sage Steele Kimzey', '2014-05-06 16:57:59', 0),
(4, 8, 18, '6 ', '2014-05-06 16:57:59', 0),
(4, 7, 22, '', '2014-05-06 16:57:59', 0),
(4, 7, 21, '8.7', '2014-05-06 16:57:59', 0),
(4, 7, 20, 'Elk City, OK', '2014-05-06 16:57:59', 0),
(4, 7, 19, 'Nate Perry', '2014-05-06 16:57:59', 0),
(4, 7, 18, '6 ', '2014-05-06 16:57:59', 0),
(4, 6, 22, '', '2014-05-06 16:57:59', 0),
(4, 6, 21, '8.5', '2014-05-06 16:57:59', 0),
(4, 6, 20, 'Sayre, OK', '2014-05-06 16:57:59', 0),
(4, 6, 19, 'Cody Whitney', '2014-05-06 16:57:59', 0),
(4, 6, 18, '5 ', '2014-05-06 16:57:59', 0),
(4, 5, 22, '', '2014-05-06 16:57:59', 0),
(4, 5, 21, '8.4', '2014-05-06 16:57:59', 0),
(4, 5, 20, 'Santaquin, UT', '2014-05-06 16:57:59', 0),
(4, 5, 19, 'Wesley Silcox', '2014-05-06 16:57:59', 0),
(4, 5, 18, '2', '2014-05-06 16:57:59', 0),
(4, 4, 22, '', '2014-05-06 16:57:59', 0),
(4, 4, 21, '8.4', '2014-05-06 16:57:59', 0),
(4, 4, 20, 'Spanish fork, UT', '2014-05-06 16:57:59', 0),
(4, 4, 19, 'Chris Roundy', '2014-05-06 16:57:59', 0),
(4, 4, 18, '2', '2014-05-06 16:57:59', 0),
(4, 3, 22, '', '2014-05-06 16:57:59', 0),
(4, 3, 21, '8.4', '2014-05-06 16:57:59', 0),
(4, 3, 20, 'Payson, UT', '2014-05-06 16:57:59', 0),
(4, 3, 19, 'Steve Woolsey', '2014-05-06 16:57:59', 0),
(4, 3, 18, '2', '2014-05-06 16:57:59', 0),
(5, 12, 25, 'Parts Unknown', '2014-04-16 13:48:59', 0),
(5, 12, 24, 'Taylor Stout', '2014-04-16 13:48:59', 0),
(5, 12, 23, '11', '2014-04-16 13:48:59', 0),
(5, 11, 0, '', '2014-04-16 13:48:59', 0),
(5, 11, 26, 'New', '2014-04-16 13:48:59', 0),
(5, 11, 27, '9.2', '2014-04-16 13:48:59', 0),
(5, 11, 25, 'Parts Unknown', '2014-04-16 13:48:59', 0),
(5, 11, 24, 'J.D. McCuistion', '2014-04-16 13:48:59', 0),
(5, 11, 23, '10 ', '2014-04-16 13:48:59', 0),
(5, 10, 0, '', '2014-04-16 13:48:59', 0),
(5, 10, 27, '9.0', '2014-04-16 13:48:59', 0),
(5, 10, 26, 'All', '2014-04-16 13:48:59', 0),
(5, 10, 25, 'Parts Unknown', '2014-04-16 13:48:59', 0),
(5, 10, 24, 'Wade White', '2014-04-16 13:48:59', 0),
(5, 10, 23, '9 ', '2014-04-16 13:48:59', 0),
(5, 9, 0, '', '2014-04-16 13:48:59', 0),
(5, 9, 27, '8.8', '2014-04-16 13:48:59', 0),
(5, 9, 24, 'Mike Johnson', '2014-04-16 13:48:59', 0),
(5, 9, 25, 'Parts Unknown', '2014-04-16 13:48:59', 0),
(5, 9, 26, 'The', '2014-04-16 13:48:59', 0),
(5, 9, 23, '8 ', '2014-04-16 13:48:59', 0),
(5, 8, 0, '', '2014-04-16 13:48:59', 0),
(5, 8, 27, '8.7', '2014-04-16 13:48:59', 0),
(5, 8, 26, 'Try', '2014-04-16 13:48:59', 0),
(5, 8, 25, 'Parts Unknown', '2014-04-16 13:48:59', 0),
(5, 8, 24, 'Clint Akins', '2014-04-16 13:48:59', 0),
(5, 8, 23, '6 ', '2014-04-16 13:48:59', 0),
(5, 7, 0, '', '2014-04-16 13:48:59', 0),
(5, 7, 27, '8.7', '2014-04-16 13:48:59', 0),
(5, 7, 26, 'Powa', '2014-04-16 13:48:59', 0),
(5, 7, 25, 'Parts Unknown', '2014-04-16 13:48:59', 0),
(5, 7, 24, 'Justin Maass', '2014-04-16 13:48:59', 0),
(5, 7, 23, '6 ', '2014-04-16 13:48:59', 0),
(5, 6, 0, '', '2014-04-16 13:48:59', 0),
(5, 6, 27, '8.5', '2014-04-16 13:48:59', 0),
(5, 6, 26, 'Tha', '2014-04-16 13:48:59', 0),
(5, 6, 25, 'Parts Unknown', '2014-04-16 13:48:59', 0),
(5, 6, 24, 'Marty Yates', '2014-04-16 13:48:59', 0),
(5, 6, 23, '5 ', '2014-04-16 13:48:59', 0),
(5, 5, 0, '', '2014-04-16 13:48:59', 0),
(5, 5, 27, '8.4', '2014-04-16 13:48:59', 0),
(5, 5, 26, 'Fight', '2014-04-16 13:48:59', 0),
(5, 5, 25, 'Parts Unknown', '2014-04-16 13:48:59', 0),
(5, 5, 24, 'Cory Solomon', '2014-04-16 13:48:59', 0),
(5, 5, 23, '2', '2014-04-16 13:48:59', 0),
(5, 4, 0, 'roping', '2014-04-16 13:48:59', 0),
(5, 4, 26, 'Machine', '2014-04-16 13:48:59', 0),
(5, 4, 27, '8.4', '2014-04-16 13:48:59', 0),
(5, 4, 25, 'Parts Unknown', '2014-04-16 13:48:59', 0),
(5, 4, 24, 'Adam Gray', '2014-04-16 13:48:59', 0),
(5, 4, 23, '2', '2014-04-16 13:48:59', 0),
(5, 3, 0, 'Tie-down', '2014-04-16 13:48:59', 0),
(5, 3, 27, '8.4', '2014-04-16 13:48:59', 0),
(5, 3, 26, 'The', '2014-04-16 13:48:59', 0),
(5, 3, 25, 'Parts Unknown', '2014-04-16 13:48:59', 0),
(5, 3, 24, 'Chant DeForest', '2014-04-16 13:48:59', 0),
(5, 3, 23, '2', '2014-04-16 13:48:59', 0),
(5, 2, 0, 'Reno', '2014-04-16 13:48:59', 0),
(5, 2, 27, '8.0', '2014-04-16 13:48:59', 0),
(5, 2, 25, 'Parts Unknown', '2014-04-16 13:48:59', 0),
(5, 2, 26, 'Against', '2014-04-16 13:48:59', 0),
(5, 2, 24, 'Randall Carlisle', '2014-04-16 13:48:59', 0),
(5, 2, 23, '1 ', '2014-04-16 13:48:59', 0),
(5, 1, 0, 'Notes here...', '2014-04-16 13:48:59', 0),
(5, 1, 27, '8.4', '2014-04-16 13:48:59', 0),
(5, 1, 26, 'Rage', '2014-04-16 13:48:59', 0),
(5, 1, 25, 'Hades, NM', '2014-04-16 13:48:59', 0),
(5, 1, 24, 'Joe Black', '2014-04-16 13:48:59', 0),
(5, 1, 23, '1', '2014-04-16 13:48:59', 0),
(5, 12, 26, 'Burmashave', '2014-04-16 13:48:59', 0),
(5, 12, 27, '9.4', '2014-04-16 13:48:59', 0),
(5, 12, 0, '', '2014-04-16 13:48:59', 0),
(6, 12, 30, 'Parts Unknown', '2014-04-16 13:49:18', 0),
(6, 12, 29, 'Taylor Stout', '2014-04-16 13:49:18', 0),
(6, 12, 28, '11', '2014-04-16 13:49:18', 0),
(6, 11, 0, '', '2014-04-16 13:49:18', 0),
(6, 11, 31, 'New', '2014-04-16 13:49:18', 0),
(6, 11, 32, '9.2', '2014-04-16 13:49:18', 0),
(6, 11, 30, 'Parts Unknown', '2014-04-16 13:49:18', 0),
(6, 11, 29, 'J.D. McCuistion', '2014-04-16 13:49:18', 0),
(6, 11, 28, '10 ', '2014-04-16 13:49:18', 0),
(6, 10, 0, '', '2014-04-16 13:49:18', 0),
(6, 10, 32, '9.0', '2014-04-16 13:49:18', 0),
(6, 10, 31, 'All', '2014-04-16 13:49:18', 0),
(6, 10, 30, 'Parts Unknown', '2014-04-16 13:49:18', 0),
(6, 10, 29, 'Wade White', '2014-04-16 13:49:18', 0),
(6, 10, 28, '9 ', '2014-04-16 13:49:18', 0),
(6, 9, 0, '', '2014-04-16 13:49:18', 0),
(6, 9, 32, '8.8', '2014-04-16 13:49:18', 0),
(6, 9, 29, 'Mike Johnson', '2014-04-16 13:49:18', 0),
(6, 9, 30, 'Parts Unknown', '2014-04-16 13:49:18', 0),
(6, 9, 31, 'The', '2014-04-16 13:49:18', 0),
(6, 9, 28, '8 ', '2014-04-16 13:49:18', 0),
(6, 8, 0, '', '2014-04-16 13:49:18', 0),
(6, 8, 32, '8.7', '2014-04-16 13:49:18', 0),
(6, 8, 31, 'Try', '2014-04-16 13:49:18', 0),
(6, 8, 30, 'Parts Unknown', '2014-04-16 13:49:18', 0),
(6, 8, 29, 'Clint Akins', '2014-04-16 13:49:18', 0),
(6, 8, 28, '6 ', '2014-04-16 13:49:18', 0),
(6, 7, 0, '', '2014-04-16 13:49:18', 0),
(6, 7, 32, '8.7', '2014-04-16 13:49:18', 0),
(6, 7, 31, 'Powa', '2014-04-16 13:49:18', 0),
(6, 7, 30, 'Parts Unknown', '2014-04-16 13:49:18', 0),
(6, 7, 29, 'Justin Maass', '2014-04-16 13:49:18', 0),
(6, 7, 28, '6 ', '2014-04-16 13:49:18', 0),
(6, 6, 0, '', '2014-04-16 13:49:18', 0),
(6, 6, 32, '8.5', '2014-04-16 13:49:18', 0),
(6, 6, 31, 'Tha', '2014-04-16 13:49:18', 0),
(6, 6, 30, 'Parts Unknown', '2014-04-16 13:49:18', 0),
(6, 6, 29, 'Marty Yates', '2014-04-16 13:49:18', 0),
(6, 6, 28, '5 ', '2014-04-16 13:49:18', 0),
(6, 5, 0, '', '2014-04-16 13:49:18', 0),
(6, 5, 32, '8.4', '2014-04-16 13:49:18', 0),
(6, 5, 31, 'Fight', '2014-04-16 13:49:18', 0),
(6, 5, 30, 'Parts Unknown', '2014-04-16 13:49:18', 0),
(6, 5, 29, 'Cory Solomon', '2014-04-16 13:49:18', 0),
(6, 5, 28, '2', '2014-04-16 13:49:18', 0),
(6, 4, 32, '8.4', '2014-04-16 13:49:18', 0),
(6, 4, 0, 'roping', '2014-04-16 13:49:18', 0),
(6, 4, 31, 'Machine', '2014-04-16 13:49:18', 0),
(6, 4, 30, 'Parts Unknown', '2014-04-16 13:49:18', 0),
(6, 4, 29, 'Adam Gray', '2014-04-16 13:49:18', 0),
(6, 4, 28, '2', '2014-04-16 13:49:18', 0),
(6, 3, 0, 'team', '2014-04-16 13:49:18', 0),
(6, 3, 32, '8.4', '2014-04-16 13:49:18', 0),
(6, 3, 31, 'The', '2014-04-16 13:49:18', 0),
(6, 3, 30, 'Parts Unknown', '2014-04-16 13:49:18', 0),
(6, 3, 29, 'Chant DeForest', '2014-04-16 13:49:18', 0),
(6, 3, 28, '2', '2014-04-16 13:49:18', 0),
(6, 2, 0, 'Reno', '2014-04-16 13:49:18', 0),
(6, 2, 32, '8.0', '2014-04-16 13:49:18', 0),
(6, 2, 30, 'Parts Unknown', '2014-04-16 13:49:18', 0),
(6, 2, 31, 'Against', '2014-04-16 13:49:18', 0),
(6, 2, 29, 'Randall Carlisle', '2014-04-16 13:49:18', 0),
(6, 2, 28, '1 ', '2014-04-16 13:49:18', 0),
(6, 1, 0, 'Notes here...', '2014-04-16 13:49:18', 0),
(6, 1, 32, '8.4', '2014-04-16 13:49:18', 0),
(6, 1, 31, 'Rage', '2014-04-16 13:49:18', 0),
(6, 1, 30, 'Hades, NM', '2014-04-16 13:49:18', 0),
(6, 1, 29, 'Joe Black', '2014-04-16 13:49:18', 0),
(6, 1, 28, '1', '2014-04-16 13:49:18', 0),
(6, 12, 31, 'Burmashave', '2014-04-16 13:49:18', 0),
(6, 12, 32, '9.4', '2014-04-16 13:49:18', 0),
(6, 12, 0, '', '2014-04-16 13:49:18', 0),
(7, 12, 36, 'Burmashave', '2014-04-16 13:49:48', 0),
(7, 12, 35, 'Parts Unknown', '2014-04-16 13:49:48', 0),
(7, 12, 34, 'Taylor Stout', '2014-04-16 13:49:48', 0),
(7, 12, 33, '11', '2014-04-16 13:49:48', 0),
(7, 11, 38, '', '2014-04-16 13:49:48', 0),
(7, 11, 37, '9.2', '2014-04-16 13:49:48', 0),
(7, 11, 36, 'New', '2014-04-16 13:49:48', 0),
(7, 11, 35, 'Parts Unknown', '2014-04-16 13:49:48', 0),
(7, 11, 34, 'J.D. McCuistion', '2014-04-16 13:49:48', 0),
(7, 11, 33, '10 ', '2014-04-16 13:49:48', 0),
(7, 10, 38, '', '2014-04-16 13:49:48', 0),
(7, 10, 36, 'All', '2014-04-16 13:49:48', 0),
(7, 10, 37, '9.0', '2014-04-16 13:49:48', 0),
(7, 10, 35, 'Parts Unknown', '2014-04-16 13:49:48', 0),
(7, 10, 34, 'Wade White', '2014-04-16 13:49:48', 0),
(7, 10, 33, '9 ', '2014-04-16 13:49:48', 0),
(7, 9, 38, '', '2014-04-16 13:49:48', 0),
(7, 9, 37, '8.8', '2014-04-16 13:49:48', 0),
(7, 9, 36, 'The', '2014-04-16 13:49:48', 0),
(7, 9, 35, 'Parts Unknown', '2014-04-16 13:49:48', 0),
(7, 9, 34, 'Mike Johnson', '2014-04-16 13:49:48', 0),
(7, 8, 38, '', '2014-04-16 13:49:48', 0),
(7, 9, 33, '8 ', '2014-04-16 13:49:48', 0),
(7, 8, 37, '8.7', '2014-04-16 13:49:48', 0),
(7, 8, 36, 'Try', '2014-04-16 13:49:48', 0),
(7, 8, 35, 'Parts Unknown', '2014-04-16 13:49:48', 0),
(7, 8, 34, 'Clint Akins', '2014-04-16 13:49:48', 0),
(7, 8, 33, '6 ', '2014-04-16 13:49:48', 0),
(7, 7, 38, '', '2014-04-16 13:49:48', 0),
(7, 7, 37, '8.7', '2014-04-16 13:49:48', 0),
(7, 7, 36, 'Powa', '2014-04-16 13:49:48', 0),
(7, 7, 35, 'Parts Unknown', '2014-04-16 13:49:48', 0),
(7, 7, 34, 'Justin Maass', '2014-04-16 13:49:48', 0),
(7, 7, 33, '6 ', '2014-04-16 13:49:48', 0),
(7, 6, 38, '', '2014-04-16 13:49:48', 0),
(7, 6, 37, '8.5', '2014-04-16 13:49:48', 0),
(7, 6, 36, 'Tha', '2014-04-16 13:49:48', 0),
(7, 6, 35, 'Parts Unknown', '2014-04-16 13:49:48', 0),
(7, 6, 34, 'Marty Yates', '2014-04-16 13:49:48', 0),
(7, 6, 33, '5 ', '2014-04-16 13:49:48', 0),
(7, 5, 38, '', '2014-04-16 13:49:48', 0),
(7, 5, 37, '8.4', '2014-04-16 13:49:48', 0),
(7, 5, 36, 'Fight', '2014-04-16 13:49:48', 0),
(7, 5, 35, 'Parts Unknown', '2014-04-16 13:49:48', 0),
(7, 5, 34, 'Cory Solomon', '2014-04-16 13:49:48', 0),
(7, 5, 33, '2', '2014-04-16 13:49:48', 0),
(7, 4, 38, '', '2014-04-16 13:49:48', 0),
(7, 4, 37, '8.4', '2014-04-16 13:49:48', 0),
(7, 4, 36, 'Machine', '2014-04-16 13:49:48', 0),
(7, 4, 35, 'Parts Unknown', '2014-04-16 13:49:48', 0),
(7, 4, 34, 'Adam Gray', '2014-04-16 13:49:48', 0),
(7, 4, 33, '2', '2014-04-16 13:49:48', 0),
(7, 3, 38, 'bareback', '2014-04-16 13:49:48', 0),
(7, 3, 37, '8.4', '2014-04-16 13:49:48', 0),
(7, 3, 36, 'The', '2014-04-16 13:49:48', 0),
(7, 3, 35, 'Parts Unknown', '2014-04-16 13:49:48', 0),
(7, 3, 34, 'Chant DeForest', '2014-04-16 13:49:48', 0),
(7, 3, 33, '2', '2014-04-16 13:49:48', 0),
(7, 2, 38, 'Reno perf #2', '2014-04-16 13:49:48', 0),
(7, 2, 37, '8.0', '2014-04-16 13:49:48', 0),
(7, 2, 36, 'Against', '2014-04-16 13:49:48', 0),
(7, 2, 35, 'Parts Unknown', '2014-04-16 13:49:48', 0),
(7, 2, 34, 'Randall Carlisle', '2014-04-16 13:49:48', 0),
(7, 2, 33, '1 ', '2014-04-16 13:49:48', 0),
(7, 1, 38, 'Notes here...', '2014-04-16 13:49:48', 0),
(7, 1, 37, '8.4', '2014-04-16 13:49:48', 0),
(7, 1, 36, 'Rage', '2014-04-16 13:49:48', 0),
(7, 1, 35, 'Hades, NM', '2014-04-16 13:49:48', 0),
(7, 1, 34, 'Joe Black', '2014-04-16 13:49:48', 0),
(7, 1, 33, '1', '2014-04-16 13:49:48', 0),
(7, 12, 37, '9.4', '2014-04-16 13:49:48', 0),
(7, 12, 38, '', '2014-04-16 13:49:48', 0),
(8, 12, 42, 'Burmashave', '2014-04-16 13:50:12', 0),
(8, 12, 41, 'Parts Unknown', '2014-04-16 13:50:12', 0),
(8, 12, 40, 'Taylor Stout', '2014-04-16 13:50:12', 0),
(8, 12, 39, '11', '2014-04-16 13:50:12', 0),
(8, 11, 44, '', '2014-04-16 13:50:12', 0),
(8, 11, 43, '9.2', '2014-04-16 13:50:12', 0),
(8, 11, 42, 'New', '2014-04-16 13:50:12', 0),
(8, 11, 41, 'Parts Unknown', '2014-04-16 13:50:12', 0),
(8, 11, 40, 'J.D. McCuistion', '2014-04-16 13:50:12', 0),
(8, 11, 39, '10 ', '2014-04-16 13:50:12', 0),
(8, 10, 44, '', '2014-04-16 13:50:12', 0),
(8, 10, 43, '9.0', '2014-04-16 13:50:12', 0),
(8, 10, 42, 'All', '2014-04-16 13:50:12', 0),
(8, 10, 41, 'Parts Unknown', '2014-04-16 13:50:12', 0),
(8, 10, 40, 'Wade White', '2014-04-16 13:50:12', 0),
(8, 10, 39, '9 ', '2014-04-16 13:50:12', 0),
(8, 9, 44, '', '2014-04-16 13:50:12', 0),
(8, 9, 43, '8.8', '2014-04-16 13:50:12', 0),
(8, 9, 42, 'The', '2014-04-16 13:50:12', 0),
(8, 9, 41, 'Parts Unknown', '2014-04-16 13:50:12', 0),
(8, 9, 40, 'Mike Johnson', '2014-04-16 13:50:12', 0),
(8, 8, 43, '8.7', '2014-04-16 13:50:12', 0),
(8, 9, 39, '8 ', '2014-04-16 13:50:12', 0),
(8, 8, 44, '', '2014-04-16 13:50:12', 0),
(8, 8, 42, 'Try', '2014-04-16 13:50:12', 0),
(8, 8, 41, 'Parts Unknown', '2014-04-16 13:50:12', 0),
(8, 8, 40, 'Clint Akins', '2014-04-16 13:50:12', 0),
(8, 8, 39, '6 ', '2014-04-16 13:50:12', 0),
(8, 7, 44, '', '2014-04-16 13:50:12', 0),
(8, 7, 43, '8.7', '2014-04-16 13:50:12', 0),
(8, 7, 42, 'Powa', '2014-04-16 13:50:12', 0),
(8, 7, 41, 'Parts Unknown', '2014-04-16 13:50:12', 0),
(8, 7, 40, 'Justin Maass', '2014-04-16 13:50:12', 0),
(8, 6, 44, '', '2014-04-16 13:50:12', 0),
(8, 7, 39, '6 ', '2014-04-16 13:50:12', 0),
(8, 6, 43, '8.5', '2014-04-16 13:50:12', 0),
(8, 6, 42, 'Tha', '2014-04-16 13:50:12', 0),
(8, 6, 41, 'Parts Unknown', '2014-04-16 13:50:12', 0),
(8, 6, 40, 'Marty Yates', '2014-04-16 13:50:12', 0),
(8, 6, 39, '5 ', '2014-04-16 13:50:12', 0),
(8, 5, 44, '', '2014-04-16 13:50:12', 0),
(8, 5, 43, '8.4', '2014-04-16 13:50:12', 0),
(8, 5, 42, 'Fight', '2014-04-16 13:50:12', 0),
(8, 5, 41, 'Parts Unknown', '2014-04-16 13:50:12', 0),
(8, 5, 40, 'Cory Solomon', '2014-04-16 13:50:12', 0),
(8, 5, 39, '2', '2014-04-16 13:50:12', 0),
(8, 4, 44, 'broncs', '2014-04-16 13:50:12', 0),
(8, 4, 42, 'Machine', '2014-04-16 13:50:12', 0),
(8, 4, 43, '8.4', '2014-04-16 13:50:12', 0),
(8, 4, 41, 'Parts Unknown', '2014-04-16 13:50:12', 0),
(8, 4, 40, 'Adam Gray', '2014-04-16 13:50:12', 0),
(8, 4, 39, '2', '2014-04-16 13:50:12', 0),
(8, 3, 44, 'bareback', '2014-04-16 13:50:12', 0),
(8, 3, 43, '8.4', '2014-04-16 13:50:12', 0),
(8, 3, 42, 'The', '2014-04-16 13:50:12', 0),
(8, 3, 41, 'Parts Unknown', '2014-04-16 13:50:12', 0),
(8, 3, 40, 'Chant DeForest', '2014-04-16 13:50:12', 0),
(8, 3, 39, '2', '2014-04-16 13:50:12', 0),
(8, 2, 44, 'Reno', '2014-04-16 13:50:12', 0),
(8, 2, 43, '8.0', '2014-04-16 13:50:12', 0),
(8, 2, 42, 'Against', '2014-04-16 13:50:12', 0),
(8, 2, 41, 'Parts Unknown', '2014-04-16 13:50:12', 0),
(8, 2, 40, 'Randall Carlisle', '2014-04-16 13:50:12', 0),
(8, 2, 39, '1 ', '2014-04-16 13:50:12', 0),
(8, 1, 44, 'Notes here...', '2014-04-16 13:50:12', 0),
(8, 1, 43, '8.4', '2014-04-16 13:50:12', 0),
(8, 1, 42, 'Rage', '2014-04-16 13:50:12', 0),
(8, 1, 41, 'Hades, NM', '2014-04-16 13:50:12', 0),
(8, 1, 40, 'Joe Black', '2014-04-16 13:50:12', 0),
(8, 1, 39, '1', '2014-04-16 13:50:12', 0),
(8, 12, 43, '9.4', '2014-04-16 13:50:12', 0),
(8, 12, 44, '', '2014-04-16 13:50:12', 0),
(9, 12, 48, 'Burmashave', '2014-04-16 13:50:42', 0),
(9, 12, 47, 'Parts Unknown', '2014-04-16 13:50:42', 0),
(9, 12, 46, 'Taylor Stout', '2014-04-16 13:50:42', 0),
(9, 12, 45, '11', '2014-04-16 13:50:42', 0),
(9, 11, 50, '', '2014-04-16 13:50:42', 0),
(9, 11, 49, '9.2', '2014-04-16 13:50:42', 0),
(9, 11, 48, 'New', '2014-04-16 13:50:42', 0),
(9, 11, 47, 'Parts Unknown', '2014-04-16 13:50:42', 0),
(9, 11, 46, 'J.D. McCuistion', '2014-04-16 13:50:42', 0),
(9, 11, 45, '10 ', '2014-04-16 13:50:42', 0),
(9, 10, 50, '', '2014-04-16 13:50:42', 0),
(9, 10, 49, '9.0', '2014-04-16 13:50:42', 0),
(9, 10, 48, 'All', '2014-04-16 13:50:42', 0),
(9, 10, 47, 'Parts Unknown', '2014-04-16 13:50:42', 0),
(9, 10, 46, 'Wade White', '2014-04-16 13:50:42', 0),
(9, 10, 45, '9 ', '2014-04-16 13:50:42', 0),
(9, 9, 50, '', '2014-04-16 13:50:42', 0),
(9, 9, 49, '8.8', '2014-04-16 13:50:42', 0),
(9, 9, 48, 'The', '2014-04-16 13:50:42', 0),
(9, 9, 47, 'Parts Unknown', '2014-04-16 13:50:42', 0),
(9, 9, 46, 'Mike Johnson', '2014-04-16 13:50:42', 0),
(9, 8, 49, '8.7', '2014-04-16 13:50:42', 0),
(9, 9, 45, '8 ', '2014-04-16 13:50:42', 0),
(9, 8, 50, '', '2014-04-16 13:50:42', 0),
(9, 8, 48, 'Try', '2014-04-16 13:50:42', 0),
(9, 8, 47, 'Parts Unknown', '2014-04-16 13:50:42', 0),
(9, 8, 46, 'Clint Akins', '2014-04-16 13:50:42', 0),
(9, 8, 45, '6 ', '2014-04-16 13:50:42', 0),
(9, 7, 50, '', '2014-04-16 13:50:42', 0),
(9, 7, 49, '8.7', '2014-04-16 13:50:42', 0),
(9, 7, 48, 'Powa', '2014-04-16 13:50:42', 0),
(9, 7, 47, 'Parts Unknown', '2014-04-16 13:50:42', 0),
(9, 7, 46, 'Justin Maass', '2014-04-16 13:50:42', 0),
(9, 6, 50, '', '2014-04-16 13:50:42', 0),
(9, 7, 45, '6 ', '2014-04-16 13:50:42', 0),
(9, 6, 49, '8.5', '2014-04-16 13:50:42', 0),
(9, 6, 48, 'Tha', '2014-04-16 13:50:42', 0),
(9, 6, 47, 'Parts Unknown', '2014-04-16 13:50:42', 0),
(9, 6, 46, 'Marty Yates', '2014-04-16 13:50:42', 0),
(9, 6, 45, '5 ', '2014-04-16 13:50:42', 0),
(9, 5, 50, 'no one', '2014-04-16 13:50:42', 0),
(9, 5, 49, '8.4', '2014-04-16 13:50:42', 0),
(9, 5, 48, 'Fight', '2014-04-16 13:50:42', 0),
(9, 5, 47, 'Parts Unknown', '2014-04-16 13:50:42', 0),
(9, 5, 46, 'Cory Solomon', '2014-04-16 13:50:42', 0),
(9, 5, 45, '2', '2014-04-16 13:50:42', 0),
(9, 4, 50, 'for', '2014-04-16 13:50:42', 0),
(9, 4, 48, 'Machine', '2014-04-16 13:50:42', 0),
(9, 4, 49, '8.4', '2014-04-16 13:50:42', 0),
(9, 4, 47, 'Parts Unknown', '2014-04-16 13:50:42', 0),
(9, 4, 46, 'Adam Gray', '2014-04-16 13:50:42', 0),
(9, 4, 45, '2', '2014-04-16 13:50:42', 0),
(9, 3, 50, 'stops', '2014-04-16 13:50:42', 0),
(9, 3, 49, '8.4', '2014-04-16 13:50:42', 0),
(9, 3, 48, 'The', '2014-04-16 13:50:42', 0),
(9, 3, 47, 'Parts Unknown', '2014-04-16 13:50:42', 0),
(9, 3, 46, 'Chant DeForest', '2014-04-16 13:50:42', 0),
(9, 3, 45, '2', '2014-04-16 13:50:42', 0),
(9, 2, 50, 'The bull', '2014-04-16 13:50:42', 0),
(9, 2, 49, '8.0', '2014-04-16 13:50:42', 0),
(9, 2, 48, 'Against', '2014-04-16 13:50:42', 0),
(9, 2, 47, 'Parts Unknown', '2014-04-16 13:50:42', 0),
(9, 2, 46, 'Randall Carlisle', '2014-04-16 13:50:42', 0),
(9, 2, 45, '1 ', '2014-04-16 13:50:42', 0),
(9, 1, 50, 'Notes here...', '2014-04-16 13:50:42', 0),
(9, 1, 49, '8.4', '2014-04-16 13:50:42', 0),
(9, 1, 48, 'Rage', '2014-04-16 13:50:42', 0),
(9, 1, 47, 'Hades, NM', '2014-04-16 13:50:42', 0),
(9, 1, 46, 'Joe Black', '2014-04-16 13:50:42', 0),
(9, 1, 45, '1', '2014-04-16 13:50:42', 0),
(9, 12, 49, '9.4', '2014-04-16 13:50:42', 0),
(9, 12, 50, '', '2014-04-16 13:50:42', 0),
(3, 4, 13, '2', '2014-04-16 14:50:04', 0),
(3, 3, 17, '', '2014-04-16 14:50:04', 0),
(3, 3, 16, '8.4', '2014-04-16 14:50:04', 0),
(3, 3, 15, 'Parts Unknown', '2014-04-16 14:50:04', 0),
(3, 3, 14, 'Chant DeForest', '2014-04-16 14:50:04', 0),
(3, 3, 13, '2', '2014-04-16 14:50:04', 0),
(3, 2, 17, '...wrestling', '2014-04-16 14:50:04', 0),
(3, 2, 16, '8.0', '2014-04-16 14:50:04', 0),
(3, 2, 15, 'Parts Unknown', '2014-04-16 14:50:04', 0),
(3, 2, 14, 'Randall Carlisle', '2014-04-16 14:50:04', 0),
(3, 2, 13, '1 ', '2014-04-16 14:50:04', 0),
(3, 1, 17, 'No notes for steer', '2014-04-16 14:50:04', 0),
(3, 1, 16, '8.4', '2014-04-16 14:50:04', 0),
(3, 1, 15, 'Hades, NM', '2014-04-16 14:50:04', 0),
(3, 1, 14, 'Joe Black', '2014-04-16 14:50:04', 0),
(3, 1, 13, '1', '2014-04-16 14:50:04', 0),
(4, 2, 22, 'Testing reload after memory leak plug.', '2014-05-06 16:57:59', 0),
(4, 2, 21, '8.0', '2014-05-06 16:57:59', 0),
(4, 2, 20, 'Oakdale, CA', '2014-05-06 16:57:59', 0),
(4, 2, 19, 'Bo Bacigalupi', '2014-05-06 16:57:59', 0),
(1, 9, 2, 'Mike Johnson', '2014-06-13 02:45:41', 0),
(1, 9, 1, '8 ', '2014-06-13 02:45:41', 0),
(1, 8, 5, '8.7', '2014-06-13 02:45:41', 0),
(1, 8, 6, 'this updates without refreshing the page', '2014-06-13 02:45:41', 0),
(1, 8, 4, 'Try', '2014-06-13 02:45:41', 0),
(1, 8, 3, 'Parts Unknown', '2014-06-13 02:45:41', 0),
(4, 2, 18, '1 ', '2014-05-06 16:57:59', 0),
(4, 1, 22, 'Not much to note. Joe\\''s pretty lame.', '2014-05-06 16:57:59', 0),
(4, 1, 21, '8.4', '2014-05-06 16:57:59', 0),
(4, 1, 20, 'Springville, CA', '2014-05-06 16:57:59', 0),
(4, 1, 19, 'Sammy Matthews', '2014-05-06 16:57:59', 0),
(4, 1, 18, '1', '2014-05-06 16:57:59', 0),
(1, 8, 1, '6 ', '2014-06-13 02:45:41', 0),
(1, 8, 2, 'Clint Akins', '2014-06-13 02:45:41', 0),
(1, 7, 6, 'Hi Holly and Patrick', '2014-06-13 02:45:41', 0),
(1, 7, 5, '8.7', '2014-06-13 02:45:41', 0),
(1, 7, 4, 'Powa', '2014-06-13 02:45:41', 0),
(10, 4, 54, '9', '2014-04-28 18:46:15', 0),
(10, 4, 53, 'Las Vegas', '2014-04-28 18:46:15', 0),
(10, 4, 52, 'Bill', '2014-04-28 18:46:15', 0),
(10, 4, 51, '5', '2014-04-28 18:46:15', 0),
(10, 3, 56, '..', '2014-04-28 18:46:15', 0),
(10, 3, 55, '7.2', '2014-04-28 18:46:15', 0),
(10, 3, 54, '2', '2014-04-28 18:46:15', 0),
(10, 3, 53, 'Tucson', '2014-04-28 18:46:15', 0),
(10, 3, 52, 'Joe', '2014-04-28 18:46:15', 0),
(10, 3, 51, '4', '2014-04-28 18:46:15', 0),
(10, 2, 56, '..', '2014-04-28 18:46:15', 0),
(10, 2, 55, '9.3', '2014-04-28 18:46:15', 0),
(10, 2, 54, '4', '2014-04-28 18:46:15', 0),
(10, 2, 53, 'Salt Lake City', '2014-04-28 18:46:15', 0),
(10, 2, 52, 'Tom', '2014-04-28 18:46:15', 0),
(10, 2, 51, '3', '2014-04-28 18:46:15', 0),
(10, 1, 56, '..', '2014-04-28 18:46:15', 0),
(10, 1, 55, '8.3', '2014-04-28 18:46:15', 0),
(10, 1, 54, '5', '2014-04-28 18:46:15', 0),
(10, 1, 53, 'Phoenix', '2014-04-28 18:46:15', 0),
(10, 1, 52, 'Bob', '2014-04-28 18:46:15', 0),
(10, 1, 51, '2', '2014-04-28 18:46:15', 0),
(10, 4, 55, '7.8', '2014-04-28 18:46:15', 0),
(10, 4, 56, '..', '2014-04-28 18:46:15', 0),
(11, 15, 62, '', '2014-05-26 17:31:50', 0),
(11, 15, 61, '', '2014-05-26 17:31:50', 0),
(11, 15, 60, '', '2014-05-26 17:31:50', 0),
(11, 15, 59, '', '2014-05-26 17:31:50', 0),
(11, 15, 58, '', '2014-05-26 17:31:50', 0),
(11, 15, 57, '', '2014-05-26 17:31:50', 0),
(11, 14, 62, '', '2014-05-26 17:31:50', 0),
(11, 14, 61, '', '2014-05-26 17:31:50', 0),
(11, 14, 60, '', '2014-05-26 17:31:50', 0),
(11, 14, 59, '', '2014-05-26 17:31:50', 0),
(11, 14, 58, '', '2014-05-26 17:31:50', 0),
(11, 14, 57, '', '2014-05-26 17:31:50', 0),
(11, 13, 62, '', '2014-05-26 17:31:50', 0),
(11, 13, 61, '', '2014-05-26 17:31:50', 0),
(11, 13, 60, '', '2014-05-26 17:31:50', 0),
(11, 13, 59, '', '2014-05-26 17:31:50', 0),
(11, 13, 58, '', '2014-05-26 17:31:50', 0),
(11, 13, 57, '', '2014-05-26 17:31:50', 0),
(11, 12, 62, '', '2014-05-26 17:31:50', 0),
(11, 12, 61, '', '2014-05-26 17:31:50', 0),
(11, 12, 60, '', '2014-05-26 17:31:50', 0),
(11, 12, 59, '', '2014-05-26 17:31:50', 0),
(11, 12, 58, '', '2014-05-26 17:31:50', 0),
(11, 12, 57, '', '2014-05-26 17:31:50', 0),
(11, 11, 62, '', '2014-05-26 17:31:50', 0),
(11, 11, 61, '', '2014-05-26 17:31:50', 0),
(11, 11, 60, '', '2014-05-26 17:31:50', 0),
(11, 11, 59, '', '2014-05-26 17:31:50', 0),
(11, 11, 58, '', '2014-05-26 17:31:50', 0),
(11, 11, 57, '', '2014-05-26 17:31:50', 0),
(11, 10, 61, '77', '2014-05-26 17:31:50', 0),
(11, 10, 60, 'Dream Ride', '2014-05-26 17:31:50', 0),
(11, 10, 59, 'Concordia, KS', '2014-05-26 17:31:50', 0),
(11, 10, 58, 'Stensaas, Carrie', '2014-05-26 17:31:50', 0),
(11, 10, 57, '11', '2014-05-26 17:31:50', 0),
(11, 9, 61, '82', '2014-05-26 17:31:50', 0),
(11, 9, 60, 'Monster', '2014-05-26 17:31:50', 0),
(11, 9, 59, 'Cimarron, KS', '2014-05-26 17:31:50', 0),
(11, 9, 57, '32', '2014-05-26 17:31:50', 0),
(11, 9, 58, 'Peterson, Tammy', '2014-05-26 17:31:50', 0),
(4, 15, 18, '', '2014-05-06 16:57:59', 0),
(4, 15, 19, '', '2014-05-06 16:57:59', 0),
(4, 15, 20, '', '2014-05-06 16:57:59', 0),
(4, 15, 21, '', '2014-05-06 16:57:59', 0),
(4, 15, 22, '', '2014-05-06 16:57:59', 0),
(4, 16, 18, '', '2014-05-06 16:57:59', 0),
(4, 16, 19, '', '2014-05-06 16:57:59', 0),
(4, 16, 20, '', '2014-05-06 16:57:59', 0),
(4, 16, 21, '', '2014-05-06 16:57:59', 0),
(4, 16, 22, '', '2014-05-06 16:57:59', 0),
(4, 17, 18, '', '2014-05-06 16:57:59', 0),
(4, 17, 19, '', '2014-05-06 16:57:59', 0),
(4, 17, 20, '', '2014-05-06 16:57:59', 0),
(4, 17, 21, '', '2014-05-06 16:57:59', 0),
(4, 17, 22, '', '2014-05-06 16:57:59', 0),
(4, 18, 18, '', '2014-05-06 16:57:59', 0),
(4, 18, 19, '', '2014-05-06 16:57:59', 0),
(4, 18, 20, '', '2014-05-06 16:57:59', 0),
(4, 18, 21, '', '2014-05-06 16:57:59', 0),
(4, 18, 22, '', '2014-05-06 16:57:59', 0),
(14, 5, 78, '85', '2014-05-14 22:26:30', 0),
(14, 5, 77, '?', '2014-05-14 22:26:30', 0),
(14, 5, 76, 'Clinton', '2014-05-14 22:26:30', 0),
(14, 5, 75, 'Holly', '2014-05-14 22:26:30', 0),
(14, 5, 74, '5', '2014-05-14 22:26:30', 0),
(14, 4, 79, 'this is cool', '2014-05-14 22:26:30', 0),
(14, 4, 78, '85', '2014-05-14 22:26:30', 0),
(14, 4, 77, '?', '2014-05-14 22:26:30', 0),
(14, 4, 76, 'Clinton', '2014-05-14 22:26:30', 0),
(14, 4, 75, 'Holly', '2014-05-14 22:26:30', 0),
(14, 4, 74, '5', '2014-05-14 22:26:30', 0),
(14, 3, 79, 'this is cool', '2014-05-14 22:26:30', 0),
(14, 3, 78, '85', '2014-05-14 22:26:30', 0),
(14, 3, 77, '?', '2014-05-14 22:26:30', 0),
(14, 3, 76, 'Clinton', '2014-05-14 22:26:30', 0),
(14, 3, 75, 'Holly', '2014-05-14 22:26:30', 0),
(14, 3, 74, '5', '2014-05-14 22:26:30', 0),
(14, 2, 79, 'this is cool', '2014-05-14 22:26:30', 0),
(14, 2, 78, '85', '2014-05-14 22:26:30', 0),
(14, 2, 77, '?', '2014-05-14 22:26:30', 0),
(14, 2, 76, 'Clinton', '2014-05-14 22:26:30', 0),
(14, 2, 75, 'Holly', '2014-05-14 22:26:30', 0),
(14, 2, 74, '5', '2014-05-14 22:26:30', 0),
(14, 1, 79, 'this is cool', '2014-05-14 22:26:30', 0),
(14, 1, 78, '85', '2014-05-14 22:26:30', 0),
(14, 1, 77, '?', '2014-05-14 22:26:30', 0),
(14, 1, 76, 'Clinton', '2014-05-14 22:26:30', 0),
(14, 1, 75, 'Holly', '2014-05-14 22:26:30', 0),
(14, 1, 74, '5', '2014-05-14 22:26:30', 0),
(14, 5, 79, 'this is cool', '2014-05-14 22:26:30', 0),
(14, 6, 74, '5', '2014-05-14 22:26:30', 0),
(14, 6, 75, 'Holly', '2014-05-14 22:26:30', 0),
(14, 6, 76, 'Clinton', '2014-05-14 22:26:30', 0),
(14, 6, 77, '?', '2014-05-14 22:26:30', 0),
(14, 6, 78, '85', '2014-05-14 22:26:30', 0),
(14, 6, 79, 'this is cool', '2014-05-14 22:26:30', 0),
(16, 3, 87, 'Lexingotn', '2014-05-15 20:23:33', 0),
(16, 3, 86, 'Patrick', '2014-05-15 20:23:33', 0),
(16, 3, 85, '3', '2014-05-15 20:23:33', 0),
(16, 2, 90, 'World Record', '2014-05-15 20:23:33', 0),
(16, 2, 89, '88', '2014-05-15 20:23:33', 0),
(16, 2, 88, 'Robert', '2014-05-15 20:23:33', 0),
(16, 2, 87, 'Clinton', '2014-05-15 20:23:33', 0),
(16, 2, 86, 'Holly', '2014-05-15 20:23:33', 0),
(16, 2, 85, '2', '2014-05-15 20:23:33', 0),
(16, 1, 90, 'Scratch', '2014-05-15 20:23:33', 0),
(16, 1, 89, '99', '2014-05-15 20:23:33', 0),
(16, 1, 88, 'Bob', '2014-05-15 20:23:33', 0),
(16, 1, 87, 'London', '2014-05-15 20:23:33', 0),
(16, 1, 86, 'Tim', '2014-05-15 20:23:33', 0),
(16, 1, 85, '1', '2014-05-15 20:23:33', 0),
(16, 3, 88, 'Fido', '2014-05-15 20:23:33', 0),
(16, 3, 89, '101', '2014-05-15 20:23:33', 0),
(23, 5, 128, '', '2014-05-15 20:53:15', 0),
(23, 5, 125, '', '2014-05-15 20:53:15', 0),
(23, 3, 128, '83.50', '2014-05-15 20:53:15', 0),
(23, 3, 126, 'Spanish Fork, UT', '2014-05-15 20:53:15', 0),
(23, 3, 125, 'Chris Roundy', '2014-05-15 20:53:15', 0),
(23, 3, 124, '3', '2014-05-15 20:53:15', 0),
(23, 2, 128, 'NO SCORE', '2014-05-15 20:53:15', 0),
(23, 2, 126, 'Escalon, CA', '2014-05-15 20:53:15', 0),
(23, 1, 126, 'Kayenta, AZ', '2014-05-15 20:53:15', 0),
(23, 1, 128, 'NO SCORE', '2014-05-15 20:53:15', 0),
(23, 2, 125, 'Dylan Vick', '2014-05-15 20:53:15', 0),
(23, 2, 124, '2', '2014-05-15 20:53:15', 0),
(23, 1, 125, 'Daniel Etsitty', '2014-05-15 20:53:15', 0),
(23, 1, 124, '1', '2014-05-15 20:53:15', 0),
(24, 10, 130, '10', '2014-05-16 13:39:25', 0),
(24, 9, 132, 'Newell, SD', '2014-05-16 13:39:25', 0),
(24, 9, 131, 'Taygen Schuelke', '2014-05-16 13:39:25', 0),
(24, 9, 130, '9', '2014-05-16 13:39:25', 0),
(24, 8, 134, 'No Score', '2014-05-16 13:39:25', 0),
(24, 8, 133, '', '2014-05-16 13:39:25', 0),
(24, 8, 132, 'Lupton, AZ', '2014-05-16 13:39:25', 0),
(24, 8, 131, 'Tustin Daye', '2014-05-16 13:39:25', 0),
(24, 8, 130, '8', '2014-05-16 13:39:25', 0),
(24, 7, 134, 'No Score', '2014-05-16 13:39:25', 0),
(24, 7, 133, '', '2014-05-16 13:39:25', 0),
(24, 7, 132, 'Nephi, UT', '2014-05-16 13:39:25', 0),
(24, 7, 131, 'Ben McPherson', '2014-05-16 13:39:25', 0),
(24, 7, 130, '7', '2014-05-16 13:39:25', 0),
(24, 6, 134, 'No Score', '2014-05-16 13:39:25', 0),
(24, 6, 133, '', '2014-05-16 13:39:25', 0),
(24, 6, 132, 'Newell, SD', '2014-05-16 13:39:25', 0),
(24, 6, 131, 'Garrett Vig', '2014-05-16 13:39:25', 0),
(24, 6, 130, '6', '2014-05-16 13:39:25', 0),
(24, 5, 134, '78.00', '2014-05-16 13:39:25', 0),
(24, 5, 133, '', '2014-05-16 13:39:25', 0),
(24, 5, 132, 'Ballard, UT', '2014-05-16 13:39:25', 0),
(24, 5, 131, 'Dalan Duncan', '2014-05-16 13:39:25', 0),
(24, 5, 130, '5', '2014-05-16 13:39:25', 0),
(24, 4, 134, 'No Score', '2014-05-16 13:39:25', 0),
(24, 4, 133, '', '2014-05-16 13:39:25', 0),
(24, 4, 132, 'Cedar Fort, UT', '2014-05-16 13:39:25', 0),
(24, 4, 131, 'O.D. Miller', '2014-05-16 13:39:25', 0),
(24, 4, 130, '4', '2014-05-16 13:39:25', 0),
(24, 3, 134, 'No Score', '2014-05-16 13:39:25', 0),
(24, 3, 133, '', '2014-05-16 13:39:25', 0),
(24, 3, 132, 'Toppenish, WA', '2014-05-16 13:39:25', 0),
(24, 3, 131, 'Cheyne Olney', '2014-05-16 13:39:25', 0),
(24, 3, 130, '3', '2014-05-16 13:39:25', 0),
(24, 2, 134, 'No Score', '2014-05-16 13:39:25', 0),
(24, 2, 133, '', '2014-05-16 13:39:25', 0),
(24, 2, 132, 'Heber City, UT', '2014-05-16 13:39:25', 0),
(24, 2, 131, 'Rylan Wright', '2014-05-16 13:39:25', 0),
(24, 2, 130, '2', '2014-05-16 13:39:25', 0),
(24, 1, 134, 'No Score', '2014-05-16 13:39:25', 0),
(24, 1, 133, '', '2014-05-16 13:39:25', 0),
(24, 1, 131, 'Jed Jones', '2014-05-16 13:39:25', 0),
(24, 1, 132, 'Garden Valley, ID', '2014-05-16 13:39:25', 0),
(24, 1, 130, '1', '2014-05-16 13:39:25', 0),
(25, 1, 136, '1', '2014-05-21 19:48:29', 0),
(25, 1, 137, 'JB Mauney', '2014-05-21 19:48:29', 0),
(25, 2, 136, '', '2014-05-21 19:48:29', 0),
(25, 2, 137, '', '2014-05-21 19:48:29', 0),
(25, 2, 138, '', '2014-05-21 19:48:29', 0),
(25, 2, 139, '', '2014-05-21 19:48:29', 0),
(25, 2, 140, '', '2014-05-21 19:48:29', 0),
(25, 3, 136, '', '2014-05-21 19:48:29', 0),
(25, 3, 137, '', '2014-05-21 19:48:29', 0),
(25, 3, 138, '', '2014-05-21 19:48:29', 0),
(25, 3, 139, '', '2014-05-21 19:48:29', 0),
(25, 3, 140, '', '2014-05-21 19:48:29', 0),
(25, 4, 136, '', '2014-05-21 19:48:29', 0),
(25, 4, 137, '', '2014-05-21 19:48:29', 0),
(25, 4, 138, '', '2014-05-21 19:48:29', 0),
(25, 4, 139, '', '2014-05-21 19:48:29', 0),
(25, 4, 140, '', '2014-05-21 19:48:29', 0),
(25, 5, 136, '', '2014-05-21 19:48:29', 0),
(25, 5, 137, '', '2014-05-21 19:48:29', 0),
(25, 5, 138, '', '2014-05-21 19:48:29', 0),
(25, 5, 139, '', '2014-05-21 19:48:29', 0),
(25, 5, 140, '', '2014-05-21 19:48:29', 0),
(25, 6, 136, '', '2014-05-21 19:48:29', 0),
(25, 6, 137, '', '2014-05-21 19:48:29', 0),
(25, 6, 138, '', '2014-05-21 19:48:29', 0),
(25, 6, 139, '', '2014-05-21 19:48:29', 0),
(25, 6, 140, '', '2014-05-21 19:48:29', 0),
(13, 2, 72, '0:28', '2014-05-21 20:10:24', 0),
(13, 2, 71, 'Seattle, WA', '2014-05-21 20:10:24', 0),
(13, 2, 70, 'Scott Riggs', '2014-05-21 20:10:24', 0),
(13, 2, 69, '2', '2014-05-21 20:10:24', 0),
(13, 1, 73, 'None', '2014-05-21 20:10:24', 0),
(13, 1, 72, '0:34', '2014-05-21 20:10:24', 0),
(13, 1, 71, 'Boise, ID', '2014-05-21 20:10:24', 0),
(13, 1, 70, 'Jim Montgomery', '2014-05-21 20:10:24', 0),
(13, 1, 69, '1', '2014-05-21 20:10:24', 0),
(13, 2, 73, 'Good performance', '2014-05-21 20:10:24', 0),
(11, 8, 61, '83', '2014-05-26 17:31:50', 0),
(11, 8, 60, 'Citation', '2014-05-26 17:31:50', 0),
(11, 8, 59, 'Franktown, CO', '2014-05-26 17:31:50', 0),
(11, 8, 58, 'Loflin, Christy', '2014-05-26 17:31:50', 0),
(11, 8, 57, '84', '2014-05-26 17:31:50', 0),
(11, 7, 61, '86', '2014-05-26 17:31:50', 0),
(11, 7, 60, 'Big Boi', '2014-05-26 17:31:50', 0),
(11, 7, 59, 'Montgomery, TX', '2014-05-26 17:31:50', 0),
(11, 7, 58, 'Epps, Jennifer', '2014-05-26 17:31:50', 0),
(11, 7, 57, '3', '2014-05-26 17:31:50', 0),
(11, 6, 61, '86', '2014-05-26 17:31:50', 0),
(11, 6, 60, 'Get Down', '2014-05-26 17:31:50', 0),
(11, 6, 59, 'Cherokee, OK', '2014-05-26 17:31:50', 0),
(11, 6, 58, 'Bailey, Stacey', '2014-05-26 17:31:50', 0),
(11, 6, 57, '75', '2014-05-26 17:31:50', 0),
(11, 5, 61, '87', '2014-05-26 17:31:50', 0),
(11, 5, 60, 'Wild Ride', '2014-05-26 17:31:50', 0),
(11, 5, 59, 'Weatherford, OK', '2014-05-26 17:31:50', 0),
(11, 5, 58, 'Gray, Callie', '2014-05-26 17:31:50', 0),
(11, 5, 57, '35', '2014-05-26 17:31:50', 0),
(11, 4, 61, '88', '2014-05-26 17:31:50', 0),
(11, 4, 60, 'Bucking Boy', '2014-05-26 17:31:50', 0),
(11, 4, 59, 'Weatherford, OK', '2014-05-26 17:31:50', 0),
(11, 4, 58, 'Miller, Emily', '2014-05-26 17:31:50', 0),
(11, 4, 57, '22', '2014-05-26 17:31:50', 0),
(11, 3, 61, '91.5', '2014-05-26 17:31:50', 0),
(11, 3, 60, 'Roy Boy', '2014-05-26 17:31:50', 0),
(11, 3, 59, 'Checotah, OK', '2014-05-26 17:31:50', 0),
(11, 3, 58, 'Bolling, Renea', '2014-05-26 17:31:50', 0),
(11, 3, 57, '15', '2014-05-26 17:31:50', 0),
(11, 2, 61, '92', '2014-05-26 17:31:50', 0),
(11, 2, 60, 'Hard Buck', '2014-05-26 17:31:50', 0),
(11, 2, 59, 'Porum, OK', '2014-05-26 17:31:50', 0),
(11, 2, 58, 'Weippert, Blazi', '2014-05-26 17:31:50', 0),
(11, 2, 57, '4', '2014-05-26 17:31:50', 0),
(11, 1, 60, 'Mikey', '2014-05-26 17:31:50', 0),
(11, 1, 61, '94', '2014-05-26 17:31:50', 0),
(11, 1, 62, 'Event record ride.', '2014-05-26 17:31:50', 0),
(11, 1, 59, 'Medicine Lodge, KS', '2014-05-26 17:31:50', 0),
(11, 1, 58, 'Nuffer, Toma', '2014-05-26 17:31:50', 0),
(11, 1, 57, '65', '2014-05-26 17:31:50', 0),
(27, 6, 149, 'Richmond, KY', '2014-06-06 14:42:30', 0),
(27, 6, 148, 'Troy Brown', '2014-06-06 14:42:30', 0),
(27, 6, 147, '100', '2014-06-06 14:42:30', 0),
(27, 5, 150, 'Gray Goose', '2014-06-06 14:42:30', 0),
(27, 5, 149, 'Lexington, KY', '2014-06-06 14:42:30', 0),
(27, 5, 148, 'Jeremy Short', '2014-06-06 14:42:30', 0),
(27, 5, 147, '89', '2014-06-06 14:42:30', 0),
(27, 4, 150, 'Sally Sue', '2014-06-06 14:42:30', 0),
(27, 4, 149, 'Clinton, KY', '2014-06-06 14:42:30', 0),
(27, 4, 148, 'Jeana Berry', '2014-06-06 14:42:30', 0),
(27, 4, 147, '54', '2014-06-06 14:42:30', 0),
(27, 3, 150, 'Forrest Gump', '2014-06-06 14:42:30', 0),
(27, 3, 149, 'Clinton, KY', '2014-06-06 14:42:30', 0),
(27, 3, 147, '564', '2014-06-06 14:42:30', 0),
(27, 3, 148, 'Jimbo Berry', '2014-06-06 14:42:30', 0),
(27, 2, 152, 'She\\''s always second', '2014-06-06 14:42:30', 0),
(27, 2, 151, '50', '2014-06-06 14:42:30', 0),
(27, 2, 150, 'Annabelle', '2014-06-06 14:42:30', 0),
(27, 2, 148, 'Abby Brown', '2014-06-06 14:42:30', 0),
(27, 2, 147, '14', '2014-06-06 14:42:30', 0),
(27, 1, 151, '90', '2014-06-06 14:42:30', 0),
(27, 1, 152, 'OHHH yea', '2014-06-06 14:42:30', 0),
(27, 1, 150, 'Ella Mae', '2014-06-06 14:42:30', 0),
(27, 1, 149, 'Clinton, KY', '2014-06-06 14:42:30', 0),
(27, 1, 148, 'Holly Short', '2014-06-06 14:42:30', 0),
(27, 1, 147, '15', '2014-06-06 14:42:30', 0),
(27, 6, 150, 'Deputy Dewey', '2014-06-06 14:42:30', 0),
(31, 9, 173, 'zx', '2014-06-06 14:46:27', 0),
(31, 9, 171, 'c', '2014-06-06 14:46:27', 0),
(31, 7, 171, 'c', '2014-06-06 14:46:27', 0),
(31, 5, 171, 'x', '2014-06-06 14:46:27', 0),
(31, 4, 172, 'gd', '2014-06-06 14:46:27', 0),
(31, 3, 174, 'x', '2014-06-06 14:46:27', 0),
(31, 1, 174, '', '2014-06-06 14:46:27', 0),
(31, 1, 173, 'g', '2014-06-06 14:46:27', 0),
(31, 1, 172, 'g', '2014-06-06 14:46:27', 0),
(31, 1, 171, 'g', '2014-06-06 14:46:27', 0),
(31, 1, 170, 'bgg', '2014-06-06 14:46:27', 0),
(31, 13, 171, 'c', '2014-06-06 14:46:27', 0),
(52, 1, 281, '100000', '2014-06-11 18:42:41', 0),
(52, 1, 282, '5', '2014-06-11 18:42:41', 0),
(52, 1, 283, '500', '2014-06-11 18:42:41', 0),
(52, 1, 284, '50000', '2014-06-11 18:42:41', 0),
(52, 2, 281, '50000', '2014-06-11 18:42:41', 0),
(52, 2, 282, '6', '2014-06-11 18:42:41', 0),
(52, 2, 283, '300', '2014-06-11 18:42:41', 0),
(52, 2, 284, '50000', '2014-06-11 18:42:41', 0),
(52, 3, 281, '100000', '2014-06-11 18:42:41', 0),
(52, 3, 282, '5', '2014-06-11 18:42:41', 0),
(52, 3, 283, '500', '2014-06-11 18:42:41', 0),
(52, 3, 284, '0', '2014-06-11 18:42:41', 0),
(60, 9, 325, 'Oklahoma City, OK', '2014-06-11 18:55:22', 0),
(60, 9, 324, 'Rider 9', '2014-06-11 18:55:22', 0),
(60, 9, 323, '18', '2014-06-11 18:55:22', 0),
(60, 8, 326, 'Over Arching', '2014-06-11 18:55:22', 0),
(60, 8, 325, 'St. Louis, MO', '2014-06-11 18:55:22', 0),
(60, 8, 324, 'Rider 8', '2014-06-11 18:55:22', 0),
(60, 8, 323, '17', '2014-06-11 18:55:22', 0),
(60, 7, 326, 'Chili Master', '2014-06-11 18:55:22', 0),
(60, 7, 324, 'Rider 7', '2014-06-11 18:55:22', 0),
(60, 7, 325, 'Cincinnati, OH', '2014-06-11 18:55:22', 0),
(60, 7, 323, '16', '2014-06-11 18:55:22', 0),
(60, 6, 326, 'Two a Day', '2014-06-11 18:55:22', 0),
(60, 6, 325, 'Birmingham, AL', '2014-06-11 18:55:22', 0),
(60, 6, 324, 'Rider 6', '2014-06-11 18:55:22', 0),
(60, 6, 323, '15', '2014-06-11 18:55:22', 0),
(60, 5, 326, 'Rising Star', '2014-06-11 18:55:22', 0),
(60, 5, 325, 'Nashville, TN', '2014-06-11 18:55:22', 0),
(60, 5, 324, 'Rider 5', '2014-06-11 18:55:22', 0),
(60, 5, 323, '14', '2014-06-11 18:55:22', 0),
(60, 4, 326, 'Lincoln Land', '2014-06-11 18:55:22', 0),
(60, 4, 325, 'Chicago, IL', '2014-06-11 18:55:22', 0),
(60, 4, 324, 'Rider 4', '2014-06-11 18:55:22', 0),
(60, 4, 323, '13', '2014-06-11 18:55:22', 0),
(60, 3, 327, '', '2014-06-11 18:55:22', 0),
(60, 3, 326, 'Lone Star', '2014-06-11 18:55:22', 0),
(60, 3, 325, 'Dallas, TX', '2014-06-11 18:55:22', 0),
(60, 3, 324, 'Rider 3', '2014-06-11 18:55:22', 0),
(60, 3, 323, '12', '2014-06-11 18:55:22', 0),
(60, 2, 327, '', '2014-06-11 18:55:22', 0),
(60, 2, 326, 'Peaches', '2014-06-11 18:55:22', 0),
(60, 2, 325, 'Atlanta, GA', '2014-06-11 18:55:22', 0),
(60, 2, 324, 'Rider 2', '2014-06-11 18:55:22', 0),
(60, 2, 323, '11', '2014-06-11 18:55:22', 0),
(60, 1, 327, '', '2014-06-11 18:55:22', 0),
(60, 1, 326, 'Bourbon Horse', '2014-06-11 18:55:22', 0),
(60, 1, 325, 'Lexington, KY', '2014-06-11 18:55:22', 0),
(60, 1, 324, 'Rider 1', '2014-06-11 18:55:22', 0),
(60, 1, 323, '10', '2014-06-11 18:55:22', 0),
(60, 9, 326, 'Tornado Alley', '2014-06-11 18:55:22', 0),
(60, 10, 323, '19', '2014-06-11 18:55:22', 0),
(60, 10, 324, 'Rider 10', '2014-06-11 18:55:22', 0),
(60, 10, 325, 'Topeka, KS', '2014-06-11 18:55:22', 0),
(60, 10, 326, 'Google Wisher', '2014-06-11 18:55:22', 0),
(60, 11, 323, '20', '2014-06-11 18:55:22', 0),
(60, 11, 324, 'Rider 11', '2014-06-11 18:55:22', 0),
(60, 11, 325, 'Denver, CO', '2014-06-11 18:55:22', 0),
(60, 11, 326, 'Mile High', '2014-06-11 18:55:22', 0),
(64, 1, 345, '', '2014-06-11 19:04:48', 0),
(64, 1, 346, '', '2014-06-11 19:04:48', 0),
(64, 1, 347, '', '2014-06-11 19:04:48', 0),
(64, 1, 348, '', '2014-06-11 19:04:48', 0),
(64, 1, 349, '', '2014-06-11 19:04:48', 0),
(64, 1, 350, '', '2014-06-11 19:04:48', 0),
(64, 2, 345, '', '2014-06-11 19:04:48', 0),
(64, 2, 346, '', '2014-06-11 19:04:48', 0),
(64, 2, 347, '', '2014-06-11 19:04:48', 0),
(64, 2, 348, 'Section 1', '2014-06-11 19:04:48', 0),
(64, 2, 349, '', '2014-06-11 19:04:48', 0),
(64, 2, 350, '', '2014-06-11 19:04:48', 0),
(64, 3, 345, '1', '2014-06-11 19:04:48', 0),
(64, 3, 346, 'Jones, Jed', '2014-06-11 19:04:48', 0),
(64, 3, 347, 'Garden Valley, ID', '2014-06-11 19:04:48', 0),
(64, 3, 348, '733 Back Up Plan ', '2014-06-11 19:04:48', 0),
(64, 3, 349, '', '2014-06-11 19:04:48', 0),
(64, 3, 350, 'Bar T Rodeo', '2014-06-11 19:04:48', 0),
(64, 4, 345, '2', '2014-06-11 19:04:48', 0),
(64, 4, 346, 'Olney, Cheyne', '2014-06-11 19:04:48', 0),
(64, 4, 347, 'Toppenish, WA', '2014-06-11 19:04:48', 0),
(64, 4, 348, 'J27 Slim Chance ', '2014-06-11 19:04:48', 0),
(64, 4, 349, '', '2014-06-11 19:04:48', 0),
(64, 4, 350, 'Bar T Rodeo', '2014-06-11 19:04:48', 0),
(64, 5, 345, '3', '2014-06-11 19:04:48', 0),
(64, 5, 346, 'Miller, O.D.', '2014-06-11 19:04:48', 0),
(64, 5, 347, 'Cedar Fort, UT', '2014-06-11 19:04:48', 0),
(64, 5, 348, '725 Black Cat ', '2014-06-11 19:04:48', 0),
(64, 5, 349, '', '2014-06-11 19:04:48', 0),
(64, 5, 350, 'Bar T Rodeo', '2014-06-11 19:04:48', 0),
(64, 6, 345, '4', '2014-06-11 19:04:48', 0),
(64, 6, 346, 'Wright, Rylan', '2014-06-11 19:04:48', 0),
(64, 6, 347, 'Heber City, UT', '2014-06-11 19:04:48', 0),
(64, 6, 348, '8- Top Gun ', '2014-06-11 19:04:48', 0),
(64, 6, 349, '', '2014-06-11 19:04:48', 0),
(64, 6, 350, 'Bar T Rodeo', '2014-06-11 19:04:48', 0),
(64, 7, 345, '5', '2014-06-11 19:04:48', 0),
(64, 7, 346, 'Duncan, Dalan', '2014-06-11 19:04:48', 0),
(64, 7, 347, 'Ballard, UT', '2014-06-11 19:04:48', 0),
(64, 7, 348, '6093 All Fired Up ', '2014-06-11 19:04:48', 0),
(64, 7, 349, '', '2014-06-11 19:04:48', 0),
(64, 7, 350, 'Honeycutt Rodeo', '2014-06-11 19:04:48', 0),
(64, 8, 345, '6', '2014-06-11 19:04:48', 0),
(64, 8, 346, 'Vig, Garrett', '2014-06-11 19:04:48', 0),
(64, 8, 347, 'Newell, SD', '2014-06-11 19:04:48', 0),
(64, 8, 348, '50 Shadow of a Doubt ', '2014-06-11 19:04:48', 0),
(64, 8, 349, '', '2014-06-11 19:04:48', 0),
(64, 8, 350, 'Honeycutt Rodeo', '2014-06-11 19:04:48', 0),
(64, 9, 345, '7', '2014-06-11 19:04:48', 0),
(64, 9, 346, 'Schuelke, Taygen', '2014-06-11 19:04:48', 0),
(64, 9, 347, 'Newell, SD', '2014-06-11 19:04:48', 0),
(64, 9, 348, 'J12 Gopher Guts ', '2014-06-11 19:04:48', 0);
INSERT INTO `unknownapp_bmlivestats_stats` (`perf_event_id`, `row_id`, `stats_meta_id`, `value`, `created`, `created_by`) VALUES
(64, 9, 349, '', '2014-06-11 19:04:48', 0),
(64, 9, 350, 'Honeycutt Rodeo', '2014-06-11 19:04:48', 0),
(64, 10, 345, '8', '2014-06-11 19:04:48', 0),
(64, 10, 346, 'Mincey, John', '2014-06-11 19:04:48', 0),
(64, 10, 347, 'West Plains, MO', '2014-06-11 19:04:48', 0),
(64, 10, 348, 'R4 ', '2014-06-11 19:04:48', 0),
(64, 10, 349, '', '2014-06-11 19:04:48', 0),
(64, 10, 350, 'Honeycutt Rodeo', '2014-06-11 19:04:48', 0),
(64, 11, 345, '9', '2014-06-11 19:04:48', 0),
(64, 11, 346, 'McPherson, Ben', '2014-06-11 19:04:48', 0),
(64, 11, 347, 'Nephi, UT', '2014-06-11 19:04:48', 0),
(64, 11, 348, '838 9 Lives ', '2014-06-11 19:04:48', 0),
(64, 11, 349, '', '2014-06-11 19:04:48', 0),
(64, 11, 350, 'Honeycutt Rodeo', '2014-06-11 19:04:48', 0),
(64, 12, 345, '10', '2014-06-11 19:04:48', 0),
(64, 12, 346, 'Russell, Brock', '2014-06-11 19:04:48', 0),
(64, 12, 347, 'Rye, CO', '2014-06-11 19:04:48', 0),
(64, 12, 348, '900 War Maker ', '2014-06-11 19:04:48', 0),
(64, 12, 349, '', '2014-06-11 19:04:48', 0),
(64, 12, 350, 'Superior Rodeo', '2014-06-11 19:04:48', 0),
(64, 13, 345, '11', '2014-06-11 19:04:48', 0),
(64, 13, 346, 'Daye, Tustin', '2014-06-11 19:04:48', 0),
(64, 13, 347, 'Lupton, AZ', '2014-06-11 19:04:48', 0),
(64, 13, 348, '905', '2014-06-11 19:04:48', 0),
(64, 13, 349, '', '2014-06-11 19:04:48', 0),
(64, 13, 350, 'Superior Rodeo', '2014-06-11 19:04:48', 0),
(64, 14, 345, '12', '2014-06-11 19:04:48', 0),
(64, 14, 346, 'Lanham, Zeb', '2014-06-11 19:04:48', 0),
(64, 14, 347, 'Sweet,           ID', '2014-06-11 19:04:48', 0),
(64, 14, 348, '922 Red Too ', '2014-06-11 19:04:48', 0),
(64, 14, 349, '', '2014-06-11 19:04:48', 0),
(64, 14, 350, 'Western Rodeos', '2014-06-11 19:04:48', 0),
(64, 15, 345, '13', '2014-06-11 19:04:48', 0),
(64, 15, 346, 'Vick, Dylan', '2014-06-11 19:04:48', 0),
(64, 15, 347, 'Escalon         ,CA', '2014-06-11 19:04:48', 0),
(64, 15, 348, '822 Buck Even ', '2014-06-11 19:04:48', 0),
(64, 15, 349, '', '2014-06-11 19:04:48', 0),
(64, 15, 350, 'Western Rodeos', '2014-06-11 19:04:48', 0),
(64, 16, 345, '', '2014-06-11 19:04:48', 0),
(64, 16, 346, '', '2014-06-11 19:04:48', 0),
(64, 16, 347, '', '2014-06-11 19:04:48', 0),
(64, 16, 348, '', '2014-06-11 19:04:48', 0),
(64, 16, 349, '', '2014-06-11 19:04:48', 0),
(64, 16, 350, '', '2014-06-11 19:04:48', 0),
(64, 17, 345, '', '2014-06-11 19:04:48', 0),
(64, 17, 346, '', '2014-06-11 19:04:48', 0),
(64, 17, 347, '', '2014-06-11 19:04:48', 0),
(64, 17, 348, 'Section 2', '2014-06-11 19:04:48', 0),
(64, 17, 349, '', '2014-06-11 19:04:48', 0),
(64, 17, 350, '', '2014-06-11 19:04:48', 0),
(64, 18, 345, '14', '2014-06-11 19:04:48', 0),
(64, 18, 346, 'McCormack, Derek', '2014-06-11 19:04:48', 0),
(64, 18, 347, 'Covelo, CA', '2014-06-11 19:04:48', 0),
(64, 18, 348, '801 Trooper ', '2014-06-11 19:04:48', 0),
(64, 18, 349, '', '2014-06-11 19:04:48', 0),
(64, 18, 350, 'Bar T Rodeo', '2014-06-11 19:04:48', 0),
(64, 19, 345, '15', '2014-06-11 19:04:48', 0),
(64, 19, 346, 'Rickard, Justin', '2014-06-11 19:04:48', 0),
(64, 19, 347, 'Nuevo, CA', '2014-06-11 19:04:48', 0),
(64, 19, 348, '959 Kiss the Sky ', '2014-06-11 19:04:48', 0),
(64, 19, 349, '', '2014-06-11 19:04:48', 0),
(64, 19, 350, 'Bar T Rodeo', '2014-06-11 19:04:48', 0),
(64, 20, 345, '16', '2014-06-11 19:04:48', 0),
(64, 20, 346, 'Kimzey, Sage Steele', '2014-06-11 19:04:48', 0),
(64, 20, 347, 'Strong City,     OK', '2014-06-11 19:04:48', 0),
(64, 20, 348, '928 Monkey Suit ', '2014-06-11 19:04:48', 0),
(64, 20, 349, '', '2014-06-11 19:04:48', 0),
(64, 20, 350, 'Bar T Rodeo', '2014-06-11 19:04:48', 0),
(64, 21, 345, '17', '2014-06-11 19:04:48', 0),
(64, 21, 346, 'Etsitty, Daniel', '2014-06-11 19:04:48', 0),
(64, 21, 347, 'Kayenta, AZ', '2014-06-11 19:04:48', 0),
(64, 21, 348, '813 Buckaroo ', '2014-06-11 19:04:48', 0),
(64, 21, 349, '', '2014-06-11 19:04:48', 0),
(64, 21, 350, 'Bar T Rodeo', '2014-06-11 19:04:48', 0),
(64, 22, 345, '18', '2014-06-11 19:04:48', 0),
(64, 22, 346, 'Blasdel, Jason', '2014-06-11 19:04:48', 0),
(64, 22, 347, 'Fruita,          CO', '2014-06-11 19:04:48', 0),
(64, 22, 348, 'D8 Smokin Ace ', '2014-06-11 19:04:48', 0),
(64, 22, 349, '', '2014-06-11 19:04:48', 0),
(64, 22, 350, 'Honeycutt Rodeo', '2014-06-11 19:04:48', 0),
(64, 23, 345, '19', '2014-06-11 19:04:48', 0),
(64, 23, 346, 'Rogers, Will', '2014-06-11 19:04:48', 0),
(64, 23, 347, 'Laveen, AZ', '2014-06-11 19:04:48', 0),
(64, 23, 348, '903 Iron Hide ', '2014-06-11 19:04:48', 0),
(64, 23, 349, '', '2014-06-11 19:04:48', 0),
(64, 23, 350, 'Honeycutt Rodeo', '2014-06-11 19:04:48', 0),
(64, 24, 345, '20', '2014-06-11 19:04:48', 0),
(64, 24, 346, 'Bothwell, Tanner', '2014-06-11 19:04:48', 0),
(64, 24, 347, 'Rapid City, SD', '2014-06-11 19:04:48', 0),
(64, 24, 348, '6739 Patriot ', '2014-06-11 19:04:48', 0),
(64, 24, 349, '', '2014-06-11 19:04:48', 0),
(64, 24, 350, 'Honeycutt Rodeo', '2014-06-11 19:04:48', 0),
(64, 25, 345, '21', '2014-06-11 19:04:48', 0),
(64, 25, 346, 'Huber, Dexter', '2014-06-11 19:04:48', 0),
(64, 25, 347, 'Belen, NM', '2014-06-11 19:04:48', 0),
(64, 25, 348, 'J1 SUPERVISOR ', '2014-06-11 19:04:48', 0),
(64, 25, 349, '', '2014-06-11 19:04:48', 0),
(64, 25, 350, 'Honeycutt Rodeo', '2014-06-11 19:04:48', 0),
(64, 26, 345, '22', '2014-06-11 19:04:48', 0),
(64, 26, 346, 'Booco, Jake', '2014-06-11 19:04:48', 0),
(64, 26, 347, 'Hayden, CO', '2014-06-11 19:04:48', 0),
(64, 26, 348, 'L802 ', '2014-06-11 19:04:48', 0),
(64, 26, 349, '', '2014-06-11 19:04:48', 0),
(64, 26, 350, 'Superior Rodeo', '2014-06-11 19:04:48', 0),
(64, 27, 345, '23', '2014-06-11 19:04:48', 0),
(64, 27, 346, 'Riggs, Chris', '2014-06-11 19:04:48', 0),
(64, 27, 347, 'Flagstaff, AZ', '2014-06-11 19:04:48', 0),
(64, 27, 348, '955 May Day ', '2014-06-11 19:04:48', 0),
(64, 27, 349, '', '2014-06-11 19:04:48', 0),
(64, 27, 350, 'Superior Rodeo', '2014-06-11 19:04:48', 0),
(64, 28, 345, '24', '2014-06-11 19:04:48', 0),
(64, 28, 346, 'Elliott, Tag', '2014-06-11 19:04:48', 0),
(64, 28, 347, 'Thatcher, UT', '2014-06-11 19:04:48', 0),
(64, 28, 348, '734 DATELINE ', '2014-06-11 19:04:48', 0),
(64, 28, 349, '', '2014-06-11 19:04:48', 0),
(64, 28, 350, 'Western Rodeos', '2014-06-11 19:04:48', 0),
(64, 29, 345, '25', '2014-06-11 19:04:48', 0),
(64, 29, 346, 'Roundy, Chris', '2014-06-11 19:04:48', 0),
(64, 29, 347, 'Spanish fork, UT', '2014-06-11 19:04:48', 0),
(64, 29, 348, '736 MAGIC TIME ', '2014-06-11 19:04:48', 0),
(64, 29, 349, '', '2014-06-11 19:04:48', 0),
(64, 29, 350, 'Western Rodeos', '2014-06-11 19:04:48', 0),
(64, 30, 345, '', '2014-06-11 19:04:48', 0),
(64, 30, 346, '', '2014-06-11 19:04:48', 0),
(64, 30, 347, '', '2014-06-11 19:04:48', 0),
(64, 30, 348, '', '2014-06-11 19:04:48', 0),
(64, 30, 349, '', '2014-06-11 19:04:48', 0),
(64, 30, 350, '', '2014-06-11 19:04:48', 0),
(64, 31, 345, '', '2014-06-11 19:04:48', 0),
(64, 31, 346, '', '2014-06-11 19:04:48', 0),
(64, 31, 347, '', '2014-06-11 19:04:48', 0),
(64, 31, 348, 'Section 3', '2014-06-11 19:04:48', 0),
(64, 31, 349, '', '2014-06-11 19:04:48', 0),
(64, 31, 350, '', '2014-06-11 19:04:48', 0),
(64, 32, 345, '26', '2014-06-11 19:04:48', 0),
(64, 32, 346, 'Williams, Brady', '2014-06-11 19:04:48', 0),
(64, 32, 347, 'Snelling, CA', '2014-06-11 19:04:48', 0),
(64, 32, 348, '811 Cool Whip ', '2014-06-11 19:04:48', 0),
(64, 32, 349, '', '2014-06-11 19:04:48', 0),
(64, 32, 350, 'Bar T Rodeo', '2014-06-11 19:04:48', 0),
(64, 33, 345, '27', '2014-06-11 19:04:48', 0),
(64, 33, 346, 'Campbell, Cody', '2014-06-11 19:04:48', 0),
(64, 33, 347, 'Summerville,     OR', '2014-06-11 19:04:48', 0),
(64, 33, 348, '823 Big Shoes ', '2014-06-11 19:04:48', 0),
(64, 33, 349, '', '2014-06-11 19:04:48', 0),
(64, 33, 350, 'Bar T Rodeo', '2014-06-11 19:04:48', 0),
(64, 34, 345, '28', '2014-06-11 19:04:48', 0),
(64, 34, 346, 'Silva, Leighton', '2014-06-11 19:04:48', 0),
(64, 34, 347, 'Riverside, CA', '2014-06-11 19:04:48', 0),
(64, 34, 348, '18 About Time ', '2014-06-11 19:04:48', 0),
(64, 34, 349, '', '2014-06-11 19:04:48', 0),
(64, 34, 350, 'Bar T Rodeo', '2014-06-11 19:04:48', 0),
(64, 35, 345, '29', '2014-06-11 19:04:48', 0),
(64, 35, 346, 'James, Troy', '2014-06-11 19:04:48', 0),
(64, 35, 347, 'Phoenix, AZ', '2014-06-11 19:04:48', 0),
(64, 35, 348, '961 Iron Smoke ', '2014-06-11 19:04:48', 0),
(64, 35, 349, '', '2014-06-11 19:04:48', 0),
(64, 35, 350, 'Bar T Rodeo', '2014-06-11 19:04:48', 0),
(64, 36, 345, '30', '2014-06-11 19:04:48', 0),
(64, 36, 346, 'Hallam, Ricky', '2014-06-11 19:04:48', 0),
(64, 36, 347, 'Norco, CA', '2014-06-11 19:04:48', 0),
(64, 36, 348, 'A104 Mano-a-Mano ', '2014-06-11 19:04:48', 0),
(64, 36, 349, '', '2014-06-11 19:04:48', 0),
(64, 36, 350, 'Honeycutt Rodeo', '2014-06-11 19:04:48', 0),
(64, 37, 345, '31', '2014-06-11 19:04:48', 0),
(64, 37, 346, 'Rose, Kaycee', '2014-06-11 19:04:48', 0),
(64, 37, 347, 'Clovis,          CA', '2014-06-11 19:04:48', 0),
(64, 37, 348, '20 APACHE ', '2014-06-11 19:04:48', 0),
(64, 37, 349, '', '2014-06-11 19:04:48', 0),
(64, 37, 350, 'Honeycutt Rodeo', '2014-06-11 19:04:48', 0),
(64, 38, 345, '32', '2014-06-11 19:04:48', 0),
(64, 38, 346, 'Betony, Wyatt', '2014-06-11 19:04:48', 0),
(64, 38, 347, 'Tonalea, AZ', '2014-06-11 19:04:48', 0),
(64, 38, 348, '6720 Security Risk ', '2014-06-11 19:04:48', 0),
(64, 38, 349, '', '2014-06-11 19:04:48', 0),
(64, 38, 350, 'Honeycutt Rodeo', '2014-06-11 19:04:48', 0),
(64, 39, 345, '33', '2014-06-11 19:04:48', 0),
(64, 39, 346, 'Tyner, Dillon James', '2014-06-11 19:04:48', 0),
(64, 39, 347, 'Hoyt,            CO', '2014-06-11 19:04:48', 0),
(64, 39, 348, '920 Macho Hombre ', '2014-06-11 19:04:48', 0),
(64, 39, 349, '', '2014-06-11 19:04:48', 0),
(64, 39, 350, 'Honeycutt Rodeo', '2014-06-11 19:04:48', 0),
(64, 40, 345, '34', '2014-06-11 19:04:48', 0),
(64, 40, 346, 'Skaggs, Blaine', '2014-06-11 19:04:48', 0),
(64, 40, 347, 'Hubbard, OR', '2014-06-11 19:04:48', 0),
(64, 40, 348, 'L51 ', '2014-06-11 19:04:48', 0),
(64, 40, 349, '', '2014-06-11 19:04:48', 0),
(64, 40, 350, 'Superior Rodeo', '2014-06-11 19:04:48', 0),
(64, 41, 345, '35', '2014-06-11 19:04:48', 0),
(64, 41, 346, 'Marcell, Jacob', '2014-06-11 19:04:48', 0),
(64, 41, 347, 'Schriever, LA', '2014-06-11 19:04:48', 0),
(64, 41, 348, 'L54 ', '2014-06-11 19:04:48', 0),
(64, 41, 349, '', '2014-06-11 19:04:48', 0),
(64, 41, 350, 'Superior Rodeo', '2014-06-11 19:04:48', 0),
(64, 42, 345, '36', '2014-06-11 19:04:48', 0),
(64, 42, 346, 'Bowen, Dustin', '2014-06-11 19:04:48', 0),
(64, 42, 347, 'Fredricksburg, PA', '2014-06-11 19:04:48', 0),
(64, 42, 348, '833 Pretty Boy ', '2014-06-11 19:04:48', 0),
(64, 42, 349, '', '2014-06-11 19:04:48', 0),
(64, 42, 350, 'Western Rodeos', '2014-06-11 19:04:48', 0),
(64, 43, 345, '37', '2014-06-11 19:04:48', 0),
(64, 43, 346, 'Proctor, Shawn', '2014-06-11 19:04:48', 0),
(64, 43, 347, 'Tooele, UT', '2014-06-11 19:04:48', 0),
(64, 43, 348, '632 ONE WAY ', '2014-06-11 19:04:48', 0),
(64, 43, 349, '', '2014-06-11 19:04:48', 0),
(64, 43, 350, 'Western Rodeos', '2014-06-11 19:04:48', 0),
(64, 44, 345, '', '2014-06-11 19:04:48', 0),
(64, 44, 346, '', '2014-06-11 19:04:48', 0),
(64, 44, 347, '', '2014-06-11 19:04:48', 0),
(64, 44, 348, '', '2014-06-11 19:04:48', 0),
(64, 44, 349, '', '2014-06-11 19:04:48', 0),
(64, 44, 350, '', '2014-06-11 19:04:48', 0),
(64, 45, 345, '', '2014-06-11 19:04:48', 0),
(64, 45, 346, '', '2014-06-11 19:04:48', 0),
(64, 45, 347, '', '2014-06-11 19:04:48', 0),
(64, 45, 348, 'Section 4', '2014-06-11 19:04:48', 0),
(64, 45, 349, '', '2014-06-11 19:04:48', 0),
(64, 45, 350, '', '2014-06-11 19:04:48', 0),
(64, 46, 345, '38', '2014-06-11 19:04:48', 0),
(64, 46, 346, 'Spears, Jordan Wacey', '2014-06-11 19:04:48', 0),
(64, 46, 347, 'Redding,         CA', '2014-06-11 19:04:48', 0),
(64, 46, 348, '055 Raven', '2014-06-11 19:04:48', 0),
(64, 46, 349, '', '2014-06-11 19:04:48', 0),
(64, 46, 350, 'Bar T', '2014-06-11 19:04:48', 0),
(64, 47, 345, '39', '2014-06-11 19:04:48', 0),
(64, 47, 346, 'Young, John', '2014-06-11 19:04:48', 0),
(64, 47, 347, 'Orient, IA', '2014-06-11 19:04:48', 0),
(64, 47, 348, '044 Hurts Me Too', '2014-06-11 19:04:48', 0),
(64, 47, 349, '', '2014-06-11 19:04:48', 0),
(64, 47, 350, 'Bar T', '2014-06-11 19:04:48', 0),
(64, 48, 345, '40', '2014-06-11 19:04:48', 0),
(64, 48, 346, 'Smith, Garrett', '2014-06-11 19:04:48', 0),
(64, 48, 347, 'Rexburg, ID', '2014-06-11 19:04:48', 0),
(64, 48, 348, '037 Who\\''s Your Momma B', '2014-06-11 19:04:48', 0),
(64, 48, 349, '', '2014-06-11 19:04:48', 0),
(64, 48, 350, 'Bar T', '2014-06-11 19:04:48', 0),
(64, 49, 345, '41', '2014-06-11 19:04:48', 0),
(64, 49, 346, 'Aebischer, Gatlin', '2014-06-11 19:04:48', 0),
(64, 49, 347, 'Wright City, OK', '2014-06-11 19:04:48', 0),
(64, 49, 348, '49 Clyde ', '2014-06-11 19:04:48', 0),
(64, 49, 349, '', '2014-06-11 19:04:48', 0),
(64, 49, 350, 'Bar T', '2014-06-11 19:04:48', 0),
(64, 50, 345, '42', '2014-06-11 19:04:48', 0),
(64, 50, 346, 'Begay, Craig', '2014-06-11 19:04:48', 0),
(64, 50, 347, 'Rough Rock, AZ', '2014-06-11 19:04:48', 0),
(64, 50, 348, '54 Broken Arrow ', '2014-06-11 19:04:48', 0),
(64, 50, 349, '', '2014-06-11 19:04:48', 0),
(64, 50, 350, 'Bar T', '2014-06-11 19:04:48', 0),
(64, 51, 345, '43', '2014-06-11 19:04:48', 0),
(64, 51, 346, 'Smith, Tyler', '2014-06-11 19:04:48', 0),
(64, 51, 347, 'Fruita, CO', '2014-06-11 19:04:48', 0),
(64, 51, 348, '026 Lock & Load', '2014-06-11 19:04:48', 0),
(64, 51, 349, '', '2014-06-11 19:04:48', 0),
(64, 51, 350, 'Honeycutt Rodeo', '2014-06-11 19:04:48', 0),
(64, 52, 345, '44', '2014-06-11 19:04:48', 0),
(64, 52, 346, 'Coppini, Paul', '2014-06-11 19:04:48', 0),
(64, 52, 347, 'Kuna, ID', '2014-06-11 19:04:48', 0),
(64, 52, 348, 'C15 Rocky Top ', '2014-06-11 19:04:48', 0),
(64, 52, 349, '', '2014-06-11 19:04:48', 0),
(64, 52, 350, 'Honeycutt Rodeo', '2014-06-11 19:04:48', 0),
(64, 53, 345, '45', '2014-06-11 19:04:48', 0),
(64, 53, 346, 'Barta, Wacey', '2014-06-11 19:04:48', 0),
(64, 53, 347, 'Phoenix,AZ', '2014-06-11 19:04:48', 0),
(64, 53, 348, '819 Pair-a-Dice ', '2014-06-11 19:04:48', 0),
(64, 53, 349, '', '2014-06-11 19:04:48', 0),
(64, 53, 350, 'Honeycutt Rodeo', '2014-06-11 19:04:48', 0),
(64, 54, 345, '46', '2014-06-11 19:04:48', 0),
(64, 54, 346, 'Chamberlain, Joseph', '2014-06-11 19:04:48', 0),
(64, 54, 347, 'Newman, CA', '2014-06-11 19:04:48', 0),
(64, 54, 348, 'D123 Harvey ', '2014-06-11 19:04:48', 0),
(64, 54, 349, '', '2014-06-11 19:04:48', 0),
(64, 54, 350, 'Honeycutt Rodeo', '2014-06-11 19:04:48', 0),
(64, 55, 345, '47', '2014-06-11 19:04:48', 0),
(64, 55, 346, 'Barlow, Montana', '2014-06-11 19:04:48', 0),
(64, 55, 347, 'Jerome, ID', '2014-06-11 19:04:48', 0),
(64, 55, 348, '77 Cream Bull Le', '2014-06-11 19:04:48', 0),
(64, 55, 349, '', '2014-06-11 19:04:48', 0),
(64, 55, 350, 'Superior Rodeo', '2014-06-11 19:04:48', 0),
(64, 56, 345, '48', '2014-06-11 19:04:48', 0),
(64, 56, 346, 'Bingham, Tim', '2014-06-11 19:04:48', 0),
(64, 56, 347, 'Honeyville, UT', '2014-06-11 19:04:48', 0),
(64, 56, 348, '11 Old School ', '2014-06-11 19:04:48', 0),
(64, 56, 349, '', '2014-06-11 19:04:48', 0),
(64, 56, 350, 'Superior Rodeo', '2014-06-11 19:04:48', 0),
(64, 57, 345, '49', '2014-06-11 19:04:48', 0),
(64, 57, 346, 'Mason, Dallee', '2014-06-11 19:04:48', 0),
(64, 57, 347, 'Weiser, ID', '2014-06-11 19:04:48', 0),
(64, 57, 348, '941 Buck Naked ', '2014-06-11 19:04:48', 0),
(64, 57, 349, '', '2014-06-11 19:04:48', 0),
(64, 57, 350, 'Western Rodeos', '2014-06-11 19:04:48', 0),
(1, 7, 3, 'Parts Unknown', '2014-06-13 02:45:41', 0),
(1, 7, 2, 'Justin Maass', '2014-06-13 02:45:41', 0),
(1, 7, 1, '6 ', '2014-06-13 02:45:41', 0),
(1, 6, 6, 'scratched', '2014-06-13 02:45:41', 0),
(1, 6, 5, '8.5', '2014-06-13 02:45:41', 0),
(68, 56, 373, 'Western Rodeos', '2014-06-11 20:40:22', 0),
(68, 56, 372, '', '2014-06-11 20:40:22', 0),
(68, 56, 371, '941 Buck Naked ', '2014-06-11 20:40:22', 0),
(68, 56, 370, 'Weiser, ID', '2014-06-11 20:40:22', 0),
(68, 56, 369, 'Mason, Dallee', '2014-06-11 20:40:22', 0),
(68, 56, 368, '49', '2014-06-11 20:40:22', 0),
(68, 55, 373, 'Superior Rodeo', '2014-06-11 20:40:22', 0),
(68, 55, 372, '', '2014-06-11 20:40:22', 0),
(68, 55, 371, '11 Old School ', '2014-06-11 20:40:22', 0),
(68, 55, 370, 'Honeyville, UT', '2014-06-11 20:40:22', 0),
(68, 55, 369, 'Bingham, Tim', '2014-06-11 20:40:22', 0),
(68, 55, 368, '48', '2014-06-11 20:40:22', 0),
(68, 54, 373, 'Superior Rodeo', '2014-06-11 20:40:22', 0),
(68, 54, 369, 'Barlow, Montana', '2014-06-11 20:40:22', 0),
(68, 54, 370, 'Jerome, ID', '2014-06-11 20:40:22', 0),
(68, 54, 371, '77 Cream Bull Le', '2014-06-11 20:40:22', 0),
(68, 54, 372, '', '2014-06-11 20:40:22', 0),
(68, 54, 368, '47', '2014-06-11 20:40:22', 0),
(68, 53, 373, 'Honeycutt Rodeo', '2014-06-11 20:40:22', 0),
(68, 53, 372, '', '2014-06-11 20:40:22', 0),
(68, 53, 370, 'Newman, CA', '2014-06-11 20:40:22', 0),
(68, 53, 371, 'D123 Harvey ', '2014-06-11 20:40:22', 0),
(68, 53, 369, 'Chamberlain, Joseph', '2014-06-11 20:40:22', 0),
(68, 53, 368, '46', '2014-06-11 20:40:22', 0),
(68, 52, 373, 'Honeycutt Rodeo', '2014-06-11 20:40:22', 0),
(68, 52, 372, '', '2014-06-11 20:40:22', 0),
(68, 52, 371, '819 Pair-a-Dice ', '2014-06-11 20:40:22', 0),
(68, 52, 370, 'Phoenix,AZ', '2014-06-11 20:40:22', 0),
(68, 52, 368, '45', '2014-06-11 20:40:22', 0),
(68, 52, 369, 'Barta, Wacey', '2014-06-11 20:40:22', 0),
(68, 51, 373, 'Honeycutt Rodeo', '2014-06-11 20:40:22', 0),
(68, 51, 372, '', '2014-06-11 20:40:22', 0),
(68, 51, 371, 'C15 Rocky Top ', '2014-06-11 20:40:22', 0),
(68, 51, 370, 'Kuna, ID', '2014-06-11 20:40:22', 0),
(68, 51, 369, 'Coppini, Paul', '2014-06-11 20:40:22', 0),
(68, 51, 368, '44', '2014-06-11 20:40:22', 0),
(68, 50, 373, 'Honeycutt Rodeo', '2014-06-11 20:40:22', 0),
(68, 50, 372, '', '2014-06-11 20:40:22', 0),
(68, 50, 371, '026 Lock & Load', '2014-06-11 20:40:22', 0),
(68, 50, 370, 'Fruita, CO', '2014-06-11 20:40:22', 0),
(68, 50, 368, '43', '2014-06-11 20:40:22', 0),
(68, 50, 369, 'Smith, Tyler', '2014-06-11 20:40:22', 0),
(68, 49, 373, 'Bar T', '2014-06-11 20:40:22', 0),
(68, 49, 372, '', '2014-06-11 20:40:22', 0),
(68, 49, 371, '54 Broken Arrow ', '2014-06-11 20:40:22', 0),
(68, 49, 370, 'Rough Rock, AZ', '2014-06-11 20:40:22', 0),
(68, 49, 369, 'Begay, Craig', '2014-06-11 20:40:22', 0),
(68, 49, 368, '42', '2014-06-11 20:40:22', 0),
(68, 48, 373, 'Bar T', '2014-06-11 20:40:22', 0),
(68, 48, 372, '', '2014-06-11 20:40:22', 0),
(68, 48, 371, '49 Clyde ', '2014-06-11 20:40:22', 0),
(68, 48, 370, 'Wright City, OK', '2014-06-11 20:40:22', 0),
(68, 48, 369, 'Aebischer, Gatlin', '2014-06-11 20:40:22', 0),
(68, 47, 373, 'Bar T', '2014-06-11 20:40:22', 0),
(68, 48, 368, '41', '2014-06-11 20:40:22', 0),
(68, 47, 372, '', '2014-06-11 20:40:22', 0),
(68, 47, 371, '037 Who\\''s Your Momma B', '2014-06-11 20:40:22', 0),
(68, 47, 370, 'Rexburg, ID', '2014-06-11 20:40:22', 0),
(68, 47, 369, 'Smith, Garrett', '2014-06-11 20:40:22', 0),
(68, 46, 373, 'Bar T', '2014-06-11 20:40:22', 0),
(68, 47, 368, '40', '2014-06-11 20:40:22', 0),
(68, 46, 372, '', '2014-06-11 20:40:22', 0),
(68, 46, 371, '044 Hurts Me Too', '2014-06-11 20:40:22', 0),
(68, 46, 370, 'Orient, IA', '2014-06-11 20:40:22', 0),
(68, 46, 369, 'Young, John', '2014-06-11 20:40:22', 0),
(68, 46, 368, '39', '2014-06-11 20:40:22', 0),
(68, 45, 373, 'Bar T', '2014-06-11 20:40:22', 0),
(68, 45, 372, '', '2014-06-11 20:40:22', 0),
(68, 45, 371, '055 Raven', '2014-06-11 20:40:22', 0),
(68, 45, 370, 'Redding,         CA', '2014-06-11 20:40:22', 0),
(68, 45, 369, 'Spears, Jordan Wacey', '2014-06-11 20:40:22', 0),
(68, 45, 368, '38', '2014-06-11 20:40:22', 0),
(68, 44, 373, '', '2014-06-11 20:40:22', 0),
(68, 44, 372, '', '2014-06-11 20:40:22', 0),
(68, 44, 371, 'Section 4', '2014-06-11 20:40:22', 0),
(68, 44, 370, '', '2014-06-11 20:40:22', 0),
(68, 44, 368, '', '2014-06-11 20:40:22', 0),
(68, 44, 369, '', '2014-06-11 20:40:22', 0),
(68, 43, 373, '', '2014-06-11 20:40:22', 0),
(68, 43, 372, '', '2014-06-11 20:40:22', 0),
(68, 43, 371, '', '2014-06-11 20:40:22', 0),
(68, 43, 370, '', '2014-06-11 20:40:22', 0),
(68, 43, 369, '', '2014-06-11 20:40:22', 0),
(68, 43, 368, '', '2014-06-11 20:40:22', 0),
(68, 42, 373, 'Western Rodeos', '2014-06-11 20:40:22', 0),
(68, 42, 372, '', '2014-06-11 20:40:22', 0),
(68, 42, 371, '632 ONE WAY ', '2014-06-11 20:40:22', 0),
(68, 42, 370, 'Tooele, UT', '2014-06-11 20:40:22', 0),
(68, 42, 369, 'Proctor, Shawn', '2014-06-11 20:40:22', 0),
(68, 42, 368, '37', '2014-06-11 20:40:22', 0),
(68, 41, 373, 'Western Rodeos', '2014-06-11 20:40:22', 0),
(68, 41, 372, '', '2014-06-11 20:40:22', 0),
(68, 41, 371, '833 Pretty Boy ', '2014-06-11 20:40:22', 0),
(68, 41, 370, 'Fredricksburg, PA', '2014-06-11 20:40:22', 0),
(68, 41, 369, 'Bowen, Dustin', '2014-06-11 20:40:22', 0),
(68, 41, 368, '36', '2014-06-11 20:40:22', 0),
(68, 40, 373, 'Superior Rodeo', '2014-06-11 20:40:22', 0),
(68, 40, 372, '', '2014-06-11 20:40:22', 0),
(68, 40, 371, 'L54 ', '2014-06-11 20:40:22', 0),
(68, 40, 370, 'Schriever, LA', '2014-06-11 20:40:22', 0),
(68, 40, 369, 'Marcell, Jacob', '2014-06-11 20:40:22', 0),
(68, 40, 368, '35', '2014-06-11 20:40:22', 0),
(68, 39, 373, 'Superior Rodeo', '2014-06-11 20:40:22', 0),
(68, 39, 372, '', '2014-06-11 20:40:22', 0),
(68, 39, 371, 'L51 ', '2014-06-11 20:40:22', 0),
(68, 39, 370, 'Hubbard, OR', '2014-06-11 20:40:22', 0),
(68, 39, 369, 'Skaggs, Blaine', '2014-06-11 20:40:22', 0),
(68, 39, 368, '34', '2014-06-11 20:40:22', 0),
(68, 38, 372, '', '2014-06-11 20:40:22', 0),
(68, 38, 373, 'Honeycutt Rodeo', '2014-06-11 20:40:22', 0),
(68, 38, 371, '920 Macho Hombre ', '2014-06-11 20:40:22', 0),
(68, 38, 370, 'Hoyt,            CO', '2014-06-11 20:40:22', 0),
(68, 38, 369, 'Tyner, Dillon James', '2014-06-11 20:40:22', 0),
(68, 38, 368, '33', '2014-06-11 20:40:22', 0),
(68, 37, 373, 'Honeycutt Rodeo', '2014-06-11 20:40:22', 0),
(68, 37, 372, '', '2014-06-11 20:40:22', 0),
(68, 37, 371, '6720 Security Risk ', '2014-06-11 20:40:22', 0),
(68, 37, 370, 'Tonalea, AZ', '2014-06-11 20:40:22', 0),
(68, 37, 369, 'Betony, Wyatt', '2014-06-11 20:40:22', 0),
(68, 37, 368, '32', '2014-06-11 20:40:22', 0),
(68, 36, 373, 'Honeycutt Rodeo', '2014-06-11 20:40:22', 0),
(68, 36, 372, '', '2014-06-11 20:40:22', 0),
(68, 36, 371, '20 APACHE ', '2014-06-11 20:40:22', 0),
(68, 36, 370, 'Clovis,          CA', '2014-06-11 20:40:22', 0),
(68, 36, 368, '31', '2014-06-11 20:40:22', 0),
(68, 36, 369, 'Rose, Kaycee', '2014-06-11 20:40:22', 0),
(68, 35, 373, 'Honeycutt Rodeo', '2014-06-11 20:40:22', 0),
(68, 35, 372, '', '2014-06-11 20:40:22', 0),
(68, 35, 371, 'A104 Mano-a-Mano ', '2014-06-11 20:40:22', 0),
(68, 35, 370, 'Norco, CA', '2014-06-11 20:40:22', 0),
(68, 35, 369, 'Hallam, Ricky', '2014-06-11 20:40:22', 0),
(68, 35, 368, '30', '2014-06-11 20:40:22', 0),
(68, 34, 372, '', '2014-06-11 20:40:22', 0),
(68, 34, 373, 'Bar T Rodeo', '2014-06-11 20:40:22', 0),
(68, 34, 371, '961 Iron Smoke ', '2014-06-11 20:40:22', 0),
(68, 34, 370, 'Phoenix, AZ', '2014-06-11 20:40:22', 0),
(68, 34, 369, 'James, Troy', '2014-06-11 20:40:22', 0),
(68, 34, 368, '29', '2014-06-11 20:40:22', 0),
(68, 33, 373, 'Bar T Rodeo', '2014-06-11 20:40:22', 0),
(68, 33, 372, '', '2014-06-11 20:40:22', 0),
(68, 33, 370, 'Riverside, CA', '2014-06-11 20:40:22', 0),
(68, 33, 371, '18 About Time ', '2014-06-11 20:40:22', 0),
(68, 33, 369, 'Silva, Leighton', '2014-06-11 20:40:22', 0),
(68, 33, 368, '28', '2014-06-11 20:40:22', 0),
(68, 32, 373, 'Bar T Rodeo', '2014-06-11 20:40:22', 0),
(68, 32, 372, '', '2014-06-11 20:40:22', 0),
(68, 32, 371, '823 Big Shoes ', '2014-06-11 20:40:22', 0),
(68, 32, 370, 'Summerville,     OR', '2014-06-11 20:40:22', 0),
(68, 32, 369, 'Campbell, Cody', '2014-06-11 20:40:22', 0),
(68, 32, 368, '27', '2014-06-11 20:40:22', 0),
(68, 31, 373, 'Bar T Rodeo', '2014-06-11 20:40:22', 0),
(68, 31, 372, '', '2014-06-11 20:40:22', 0),
(68, 31, 371, '811 Cool Whip ', '2014-06-11 20:40:22', 0),
(68, 31, 370, 'Snelling, CA', '2014-06-11 20:40:22', 0),
(68, 31, 369, 'Williams, Brady', '2014-06-11 20:40:22', 0),
(68, 31, 368, '26', '2014-06-11 20:40:22', 0),
(68, 30, 373, '', '2014-06-11 20:40:22', 0),
(68, 30, 372, '', '2014-06-11 20:40:22', 0),
(68, 30, 368, '', '2014-06-11 20:40:22', 0),
(68, 30, 369, '', '2014-06-11 20:40:22', 0),
(68, 30, 370, '', '2014-06-11 20:40:22', 0),
(68, 30, 371, 'Section 3', '2014-06-11 20:40:22', 0),
(68, 29, 373, '', '2014-06-11 20:40:22', 0),
(68, 29, 372, '', '2014-06-11 20:40:22', 0),
(68, 29, 371, '', '2014-06-11 20:40:22', 0),
(68, 29, 368, '', '2014-06-11 20:40:22', 0),
(68, 29, 369, '', '2014-06-11 20:40:22', 0),
(68, 29, 370, '', '2014-06-11 20:40:22', 0),
(68, 28, 373, 'Western Rodeos', '2014-06-11 20:40:22', 0),
(68, 28, 372, '', '2014-06-11 20:40:22', 0),
(68, 28, 371, '736 MAGIC TIME ', '2014-06-11 20:40:22', 0),
(68, 28, 370, 'Spanish fork, UT', '2014-06-11 20:40:22', 0),
(68, 28, 369, 'Roundy, Chris', '2014-06-11 20:40:22', 0),
(68, 28, 368, '25', '2014-06-11 20:40:22', 0),
(68, 27, 373, 'Western Rodeos', '2014-06-11 20:40:22', 0),
(68, 27, 372, '', '2014-06-11 20:40:22', 0),
(68, 27, 371, '734 DATELINE ', '2014-06-11 20:40:22', 0),
(68, 27, 370, 'Thatcher, UT', '2014-06-11 20:40:22', 0),
(68, 27, 369, 'Elliott, Tag', '2014-06-11 20:40:22', 0),
(68, 27, 368, '24', '2014-06-11 20:40:22', 0),
(68, 26, 373, 'Superior Rodeo', '2014-06-11 20:40:22', 0),
(68, 26, 372, '', '2014-06-11 20:40:22', 0),
(68, 26, 371, '955 May Day ', '2014-06-11 20:40:22', 0),
(68, 26, 370, 'Flagstaff, AZ', '2014-06-11 20:40:22', 0),
(68, 26, 369, 'Riggs, Chris', '2014-06-11 20:40:22', 0),
(68, 26, 368, '23', '2014-06-11 20:40:22', 0),
(68, 25, 372, '', '2014-06-11 20:40:22', 0),
(68, 25, 373, 'Superior Rodeo', '2014-06-11 20:40:22', 0),
(68, 25, 371, 'L802 ', '2014-06-11 20:40:22', 0),
(68, 25, 370, 'Hayden, CO', '2014-06-11 20:40:22', 0),
(68, 25, 369, 'Booco, Jake', '2014-06-11 20:40:22', 0),
(68, 24, 372, '', '2014-06-11 20:40:22', 0),
(68, 24, 373, 'Honeycutt Rodeo', '2014-06-11 20:40:22', 0),
(68, 25, 368, '22', '2014-06-11 20:40:22', 0),
(68, 24, 371, 'J1 SUPERVISOR ', '2014-06-11 20:40:22', 0),
(68, 24, 370, 'Belen, NM', '2014-06-11 20:40:22', 0),
(68, 24, 369, 'Huber, Dexter', '2014-06-11 20:40:22', 0),
(68, 24, 368, '21', '2014-06-11 20:40:22', 0),
(68, 23, 372, '', '2014-06-11 20:40:22', 0),
(68, 23, 373, 'Honeycutt Rodeo', '2014-06-11 20:40:22', 0),
(68, 23, 371, '6739 Patriot ', '2014-06-11 20:40:22', 0),
(68, 23, 370, 'Rapid City, SD', '2014-06-11 20:40:22', 0),
(68, 23, 368, '20', '2014-06-11 20:40:22', 0),
(68, 23, 369, 'Bothwell, Tanner', '2014-06-11 20:40:22', 0),
(68, 22, 373, 'Honeycutt Rodeo', '2014-06-11 20:40:22', 0),
(68, 22, 372, '', '2014-06-11 20:40:22', 0),
(68, 22, 371, '903 Iron Hide ', '2014-06-11 20:40:22', 0),
(68, 22, 370, 'Laveen, AZ', '2014-06-11 20:40:22', 0),
(68, 22, 369, 'Rogers, Will', '2014-06-11 20:40:22', 0),
(68, 22, 368, '19', '2014-06-11 20:40:22', 0),
(68, 21, 373, 'Honeycutt Rodeo', '2014-06-11 20:40:22', 0),
(68, 21, 372, '', '2014-06-11 20:40:22', 0),
(68, 21, 370, 'Fruita,          CO', '2014-06-11 20:40:22', 0),
(68, 21, 371, 'D8 Smokin Ace ', '2014-06-11 20:40:22', 0),
(68, 21, 369, 'Blasdel, Jason', '2014-06-11 20:40:22', 0),
(68, 21, 368, '18', '2014-06-11 20:40:22', 0),
(68, 20, 373, 'Bar T Rodeo', '2014-06-11 20:40:22', 0),
(68, 20, 371, '813 Buckaroo ', '2014-06-11 20:40:22', 0),
(68, 20, 372, '', '2014-06-11 20:40:22', 0),
(68, 20, 370, 'Kayenta, AZ', '2014-06-11 20:40:22', 0),
(68, 20, 369, 'Etsitty, Daniel', '2014-06-11 20:40:22', 0),
(68, 20, 368, '17', '2014-06-11 20:40:22', 0),
(68, 19, 373, 'Bar T Rodeo', '2014-06-11 20:40:22', 0),
(68, 19, 372, '', '2014-06-11 20:40:22', 0),
(68, 19, 371, '928 Monkey Suit ', '2014-06-11 20:40:22', 0),
(68, 19, 370, 'Strong City,     OK', '2014-06-11 20:40:22', 0),
(68, 19, 369, 'Kimzey, Sage Steele', '2014-06-11 20:40:22', 0),
(68, 19, 368, '16', '2014-06-11 20:40:22', 0),
(68, 18, 373, 'Bar T Rodeo', '2014-06-11 20:40:22', 0),
(68, 18, 372, '', '2014-06-11 20:40:22', 0),
(68, 18, 371, '959 Kiss the Sky ', '2014-06-11 20:40:22', 0),
(68, 18, 370, 'Nuevo, CA', '2014-06-11 20:40:22', 0),
(68, 18, 369, 'Rickard, Justin', '2014-06-11 20:40:22', 0),
(68, 18, 368, '15', '2014-06-11 20:40:22', 0),
(68, 17, 373, 'Bar T Rodeo', '2014-06-11 20:40:22', 0),
(68, 17, 372, '', '2014-06-11 20:40:22', 0),
(68, 17, 371, '801 Trooper ', '2014-06-11 20:40:22', 0),
(68, 17, 370, 'Covelo, CA', '2014-06-11 20:40:22', 0),
(68, 17, 369, 'McCormack, Derek', '2014-06-11 20:40:22', 0),
(68, 17, 368, '14', '2014-06-11 20:40:22', 0),
(68, 16, 373, '', '2014-06-11 20:40:22', 0),
(68, 16, 372, '', '2014-06-11 20:40:22', 0),
(68, 16, 371, 'Section 2', '2014-06-11 20:40:22', 0),
(68, 16, 370, '', '2014-06-11 20:40:22', 0),
(68, 16, 369, '', '2014-06-11 20:40:22', 0),
(68, 16, 368, '', '2014-06-11 20:40:22', 0),
(68, 15, 373, '', '2014-06-11 20:40:22', 0),
(68, 15, 372, '', '2014-06-11 20:40:22', 0),
(68, 15, 371, '', '2014-06-11 20:40:22', 0),
(68, 15, 370, '', '2014-06-11 20:40:22', 0),
(68, 15, 369, '', '2014-06-11 20:40:22', 0),
(68, 15, 368, '', '2014-06-11 20:40:22', 0),
(68, 14, 372, '', '2014-06-11 20:40:22', 0),
(68, 14, 373, 'Western Rodeos', '2014-06-11 20:40:22', 0),
(68, 14, 371, '822 Buck Even ', '2014-06-11 20:40:22', 0),
(68, 14, 370, 'Escalon         ,CA', '2014-06-11 20:40:22', 0),
(68, 14, 369, 'Vick, Dylan', '2014-06-11 20:40:22', 0),
(68, 14, 368, '13', '2014-06-11 20:40:22', 0),
(68, 13, 373, 'Western Rodeos', '2014-06-11 20:40:22', 0),
(68, 13, 372, '', '2014-06-11 20:40:22', 0),
(68, 13, 371, '922 Red Too ', '2014-06-11 20:40:22', 0),
(68, 13, 370, 'Sweet,           ID', '2014-06-11 20:40:22', 0),
(68, 13, 369, 'Lanham, Zeb', '2014-06-11 20:40:22', 0),
(68, 12, 372, '', '2014-06-11 20:40:22', 0),
(68, 12, 373, 'Superior Rodeo', '2014-06-11 20:40:22', 0),
(68, 13, 368, '12', '2014-06-11 20:40:22', 0),
(68, 12, 371, '905', '2014-06-11 20:40:22', 0),
(68, 12, 370, 'Lupton, AZ', '2014-06-11 20:40:22', 0),
(68, 12, 369, 'Daye, Tustin', '2014-06-11 20:40:22', 0),
(68, 12, 368, '11', '2014-06-11 20:40:22', 0),
(68, 11, 372, '', '2014-06-11 20:40:22', 0),
(68, 11, 373, 'Superior Rodeo', '2014-06-11 20:40:22', 0),
(68, 11, 371, '900 War Maker ', '2014-06-11 20:40:22', 0),
(68, 11, 370, 'Rye, CO', '2014-06-11 20:40:22', 0),
(68, 11, 369, 'Russell, Brock', '2014-06-11 20:40:22', 0),
(68, 11, 368, '10', '2014-06-11 20:40:22', 0),
(68, 10, 373, 'Honeycutt Rodeo', '2014-06-11 20:40:22', 0),
(68, 10, 372, '', '2014-06-11 20:40:22', 0),
(68, 10, 371, '838 9 Lives ', '2014-06-11 20:40:22', 0),
(68, 10, 370, 'Nephi, UT', '2014-06-11 20:40:22', 0),
(68, 10, 368, '9', '2014-06-11 20:40:22', 0),
(68, 10, 369, 'McPherson, Ben', '2014-06-11 20:40:22', 0),
(68, 9, 373, 'Honeycutt Rodeo', '2014-06-11 20:40:22', 0),
(68, 9, 371, 'R4 ', '2014-06-11 20:40:22', 0),
(68, 9, 372, '', '2014-06-11 20:40:22', 0),
(68, 9, 370, 'West Plains, MO', '2014-06-11 20:40:22', 0),
(68, 9, 369, 'Mincey, John', '2014-06-11 20:40:22', 0),
(68, 9, 368, '8', '2014-06-11 20:40:22', 0),
(68, 8, 372, '', '2014-06-11 20:40:22', 0),
(68, 8, 373, '', '2014-06-11 20:40:22', 0),
(68, 8, 371, 'J12 Gopher Guts - Honeycutt Rodeo', '2014-06-11 20:40:22', 0),
(68, 8, 370, 'Newell, SD', '2014-06-11 20:40:22', 0),
(68, 8, 369, 'Schuelke, Taygen', '2014-06-11 20:40:22', 0),
(68, 7, 373, '', '2014-06-11 20:40:22', 0),
(68, 8, 368, '7', '2014-06-11 20:40:22', 0),
(68, 7, 372, '', '2014-06-11 20:40:22', 0),
(68, 7, 371, '50 Shadow of a Doubt ', '2014-06-11 20:40:22', 0),
(68, 7, 368, '6', '2014-06-11 20:40:22', 0),
(68, 7, 369, 'Vig, Garrett', '2014-06-11 20:40:22', 0),
(68, 7, 370, 'Newell, SD', '2014-06-11 20:40:22', 0),
(68, 6, 373, 'Re-ride due to lack of bucking', '2014-06-11 20:40:22', 0),
(68, 6, 372, '', '2014-06-11 20:40:22', 0),
(68, 6, 371, '6093 All Fired Up ', '2014-06-11 20:40:22', 0),
(68, 6, 370, 'Ballard, UT', '2014-06-11 20:40:22', 0),
(68, 6, 369, 'Duncan, Dalan', '2014-06-11 20:40:22', 0),
(68, 6, 368, '5', '2014-06-11 20:40:22', 0),
(68, 5, 373, '', '2014-06-11 20:40:22', 0),
(68, 5, 372, '82 PR', '2014-06-11 20:40:22', 0),
(68, 5, 371, '8- Top Gun ', '2014-06-11 20:40:22', 0),
(68, 5, 370, 'Heber City, UT', '2014-06-11 20:40:22', 0),
(68, 5, 369, 'Wright, Rylan', '2014-06-11 20:40:22', 0),
(68, 5, 368, '4', '2014-06-11 20:40:22', 0),
(68, 4, 373, '', '2014-06-11 20:40:22', 0),
(68, 4, 372, '0', '2014-06-11 20:40:22', 0),
(68, 4, 371, '725 Black Cat ', '2014-06-11 20:40:22', 0),
(68, 4, 370, 'Cedar Fort, UT', '2014-06-11 20:40:22', 0),
(68, 4, 369, 'Miller, O.D.', '2014-06-11 20:40:22', 0),
(68, 4, 368, '3', '2014-06-11 20:40:22', 0),
(68, 3, 373, '', '2014-06-11 20:40:22', 0),
(68, 3, 372, 'DQ', '2014-06-11 20:40:22', 0),
(68, 3, 371, 'J27 Slim Chance ', '2014-06-11 20:40:22', 0),
(68, 3, 370, 'Toppenish, WA', '2014-06-11 20:40:22', 0),
(68, 3, 369, 'Olney, Cheyne', '2014-06-11 20:40:22', 0),
(68, 2, 373, '', '2014-06-11 20:40:22', 0),
(68, 3, 368, '2', '2014-06-11 20:40:22', 0),
(68, 2, 372, '80', '2014-06-11 20:40:22', 0),
(68, 2, 371, '733 Back Up Plan ', '2014-06-11 20:40:22', 0),
(68, 2, 370, 'Garden Valley, ID', '2014-06-11 20:40:22', 0),
(68, 2, 369, 'Jones, Jed', '2014-06-11 20:40:22', 0),
(68, 2, 368, '1', '2014-06-11 20:40:22', 0),
(68, 1, 373, '', '2014-06-11 20:40:22', 0),
(68, 1, 372, '', '2014-06-11 20:40:22', 0),
(68, 1, 371, 'Section 1', '2014-06-11 20:40:22', 0),
(68, 1, 370, '', '2014-06-11 20:40:22', 0),
(68, 1, 369, '', '2014-06-11 20:40:22', 0),
(68, 1, 368, '', '2014-06-11 20:40:22', 0),
(1, 6, 4, 'Tha', '2014-06-13 02:45:41', 0),
(1, 6, 3, 'Parts Unknown', '2014-06-13 02:45:41', 0),
(1, 6, 2, 'Marty Yates', '2014-06-13 02:45:41', 0),
(1, 6, 1, '5 ', '2014-06-13 02:45:41', 0),
(1, 5, 6, 'oh yeah...', '2014-06-13 02:45:41', 0),
(1, 5, 5, '8.4', '2014-06-13 02:45:41', 0),
(1, 5, 4, 'Fight', '2014-06-13 02:45:41', 0),
(1, 5, 3, 'Parts Unknown', '2014-06-13 02:45:41', 0),
(1, 5, 2, 'Cory Solomon', '2014-06-13 02:45:41', 0),
(1, 5, 1, '2', '2014-06-13 02:45:41', 0),
(1, 4, 6, 'no more key', '2014-06-13 02:45:41', 0),
(1, 4, 5, '8.4', '2014-06-13 02:45:41', 0),
(1, 4, 4, 'Machine', '2014-06-13 02:45:41', 0),
(1, 4, 3, 'Hell\\''s Kitchen', '2014-06-13 02:45:41', 0),
(1, 4, 2, 'Adam O\\''Grady', '2014-06-13 02:45:41', 0),
(1, 4, 1, '2', '2014-06-13 02:45:41', 0),
(1, 3, 6, 'yeah...', '2014-06-13 02:45:41', 0),
(1, 3, 5, '8.4', '2014-06-13 02:45:41', 0),
(1, 3, 4, 'The', '2014-06-13 02:45:41', 0),
(1, 3, 3, 'Parts Unknown', '2014-06-13 02:45:41', 0),
(1, 3, 2, 'Chant DeForest', '2014-06-13 02:45:41', 0),
(1, 2, 6, '', '2014-06-13 02:45:41', 0),
(1, 3, 1, '2', '2014-06-13 02:45:41', 0),
(1, 2, 5, '', '2014-06-13 02:45:41', 0),
(1, 2, 4, '', '2014-06-13 02:45:41', 0),
(1, 2, 3, '', '2014-06-13 02:45:41', 0),
(1, 2, 2, '', '2014-06-13 02:45:41', 0),
(1, 2, 1, '1 ', '2014-06-13 02:45:41', 0),
(1, 1, 6, 'Notes here...what\\''s up with char delimiters?', '2014-06-13 02:45:41', 0),
(1, 1, 5, '8.4', '2014-06-13 02:45:41', 0),
(1, 1, 4, 'Rage', '2014-06-13 02:45:41', 0),
(1, 1, 3, 'Hades, NM', '2014-06-13 02:45:41', 0),
(1, 1, 2, 'Joe Black', '2014-06-13 02:45:41', 0),
(1, 1, 1, '1', '2014-06-13 02:45:41', 0),
(71, 2, 389, 'test', '2014-06-13 12:35:27', 0),
(71, 2, 386, 'test', '2014-06-13 12:35:27', 0),
(71, 2, 385, 'test', '2014-06-13 12:35:27', 0),
(71, 2, 384, 'test', '2014-06-13 12:35:27', 0),
(71, 1, 389, 'test', '2014-06-13 12:35:27', 0),
(71, 1, 386, 'test', '2014-06-13 12:35:27', 0),
(71, 1, 385, 'test', '2014-06-13 12:35:27', 0),
(71, 1, 384, 'test', '2014-06-13 12:35:27', 0),
(77, 16, 419, '', '2014-06-14 22:55:35', 0),
(77, 16, 418, '', '2014-06-14 22:55:35', 0),
(77, 16, 417, '', '2014-06-14 22:55:35', 0),
(73, 17, 400, '', '2014-06-14 22:43:29', 0),
(73, 17, 399, '', '2014-06-14 22:43:29', 0),
(73, 17, 398, '', '2014-06-14 22:43:29', 0),
(73, 17, 397, '', '2014-06-14 22:43:29', 0),
(73, 17, 396, '', '2014-06-14 22:43:29', 0),
(73, 17, 395, '', '2014-06-14 22:43:29', 0),
(73, 16, 400, '', '2014-06-14 22:43:29', 0),
(73, 16, 399, '', '2014-06-14 22:43:29', 0),
(73, 16, 398, '', '2014-06-14 22:43:29', 0),
(73, 16, 397, '', '2014-06-14 22:43:29', 0),
(73, 16, 396, '', '2014-06-14 22:43:29', 0),
(73, 16, 395, '', '2014-06-14 22:43:29', 0),
(73, 15, 400, '', '2014-06-14 22:43:28', 0),
(73, 15, 399, '', '2014-06-14 22:43:28', 0),
(73, 15, 398, '', '2014-06-14 22:43:28', 0),
(73, 15, 397, '', '2014-06-14 22:43:28', 0),
(73, 15, 396, '', '2014-06-14 22:43:28', 0),
(73, 15, 395, '', '2014-06-14 22:43:28', 0),
(73, 14, 400, '', '2014-06-14 22:43:28', 0),
(73, 14, 399, '', '2014-06-14 22:43:28', 0),
(73, 14, 398, '', '2014-06-14 22:43:28', 0),
(73, 14, 397, '', '2014-06-14 22:43:28', 0),
(73, 14, 396, '', '2014-06-14 22:43:28', 0),
(73, 14, 395, '', '2014-06-14 22:43:28', 0),
(73, 13, 400, '', '2014-06-14 22:43:28', 0),
(73, 13, 399, '', '2014-06-14 22:43:28', 0),
(73, 13, 398, '', '2014-06-14 22:43:28', 0),
(73, 13, 397, '', '2014-06-14 22:43:28', 0),
(73, 13, 396, '', '2014-06-14 22:43:28', 0),
(73, 13, 395, '', '2014-06-14 22:43:28', 0),
(73, 12, 400, '', '2014-06-14 22:43:28', 0),
(73, 12, 399, '78', '2014-06-14 22:43:28', 0),
(73, 12, 398, '207 Scrawny Johnny GR', '2014-06-14 22:43:28', 0),
(73, 12, 397, 'Redmond, OR', '2014-06-14 22:43:28', 0),
(73, 12, 396, 'Peebles, David', '2014-06-14 22:43:28', 0),
(73, 12, 395, '266', '2014-06-14 22:43:28', 0),
(73, 11, 400, '', '2014-06-14 22:43:28', 0),
(73, 11, 399, '72', '2014-06-14 22:43:28', 0),
(73, 11, 398, '799  GR', '2014-06-14 22:43:28', 0),
(73, 11, 397, 'Eastland, TX', '2014-06-14 22:43:28', 0),
(73, 11, 396, 'Smith, Jared', '2014-06-14 22:43:28', 0),
(73, 11, 395, '265', '2014-06-14 22:43:28', 0),
(73, 10, 400, '', '2014-06-14 22:43:28', 0),
(73, 10, 399, '81', '2014-06-14 22:43:28', 0),
(73, 10, 398, '32 West Point Girl GR', '2014-06-14 22:43:28', 0),
(73, 10, 397, 'Redmond, OR', '2014-06-14 22:43:28', 0),
(73, 10, 395, '264', '2014-06-14 22:43:28', 0),
(73, 10, 396, 'Peebles, Steven', '2014-06-14 22:43:28', 0),
(73, 9, 400, '', '2014-06-14 22:43:28', 0),
(73, 9, 399, '75', '2014-06-14 22:43:28', 0),
(73, 9, 398, '407 Redheaded Stepchild GR', '2014-06-14 22:43:28', 0),
(73, 9, 397, 'Gooding, ID', '2014-06-14 22:43:28', 0),
(73, 9, 396, 'Wilson, Kash', '2014-06-14 22:43:28', 0),
(73, 9, 395, '263', '2014-06-14 22:43:28', 0),
(73, 8, 399, '', '2014-06-14 22:43:28', 0),
(73, 8, 400, 'Austin will recieve a reride during the saddle bro', '2014-06-14 22:43:28', 0),
(73, 8, 398, '703 Prison Shank GR', '2014-06-14 22:43:28', 0),
(73, 8, 397, 'Terrebonne, OR', '2014-06-14 22:43:28', 0),
(73, 8, 396, 'Foss, Austin', '2014-06-14 22:43:28', 0),
(73, 8, 395, '262', '2014-06-14 22:43:28', 0),
(73, 7, 399, '', '2014-06-14 22:43:28', 0),
(73, 7, 400, 'Turn Out', '2014-06-14 22:43:28', 0),
(73, 7, 398, '916  GR', '2014-06-14 22:43:28', 0),
(73, 7, 397, 'Pendleton, OR', '2014-06-14 22:43:28', 0),
(75, 16, 411, '', '2014-06-14 23:55:38', 0),
(74, 13, 406, '', '2014-06-14 23:16:36', 0),
(74, 13, 405, '', '2014-06-14 23:16:36', 0),
(74, 13, 404, '', '2014-06-14 23:16:36', 0),
(74, 13, 403, '', '2014-06-14 23:16:36', 0),
(74, 13, 402, '', '2014-06-14 23:16:36', 0),
(74, 13, 401, '', '2014-06-14 23:16:36', 0),
(74, 12, 406, '', '2014-06-14 23:16:36', 0),
(74, 12, 405, '', '2014-06-14 23:16:36', 0),
(74, 12, 404, '', '2014-06-14 23:16:36', 0),
(74, 12, 403, '', '2014-06-14 23:16:36', 0),
(74, 12, 402, '', '2014-06-14 23:16:36', 0),
(74, 12, 401, '', '2014-06-14 23:16:36', 0),
(74, 11, 406, '', '2014-06-14 23:16:36', 0),
(74, 11, 405, '', '2014-06-14 23:16:36', 0),
(74, 11, 404, '', '2014-06-14 23:16:36', 0),
(74, 11, 403, '', '2014-06-14 23:16:36', 0),
(74, 11, 402, '', '2014-06-14 23:16:36', 0),
(74, 11, 401, '', '2014-06-14 23:16:36', 0),
(74, 10, 406, '', '2014-06-14 23:16:36', 0),
(74, 10, 405, '', '2014-06-14 23:16:36', 0),
(74, 10, 404, '', '2014-06-14 23:16:36', 0),
(74, 10, 403, '', '2014-06-14 23:16:36', 0),
(74, 10, 402, '', '2014-06-14 23:16:36', 0),
(74, 10, 401, '', '2014-06-14 23:16:36', 0),
(74, 9, 406, '', '2014-06-14 23:16:36', 0),
(74, 9, 405, '', '2014-06-14 23:16:36', 0),
(74, 9, 404, '', '2014-06-14 23:16:36', 0),
(74, 9, 403, '', '2014-06-14 23:16:36', 0),
(74, 9, 402, '', '2014-06-14 23:16:36', 0),
(74, 9, 401, '', '2014-06-14 23:16:36', 0),
(74, 8, 406, '', '2014-06-14 23:16:36', 0),
(74, 8, 405, '', '2014-06-14 23:16:36', 0),
(74, 8, 404, '126 Broken Smile GR', '2014-06-14 23:16:36', 0),
(74, 8, 403, 'Lincoln, CA', '2014-06-14 23:16:36', 0),
(74, 8, 402, 'White, Luke', '2014-06-14 23:16:36', 0),
(74, 8, 401, '269', '2014-06-14 23:16:36', 0),
(74, 7, 406, '', '2014-06-14 23:16:36', 0),
(74, 6, 406, '', '2014-06-14 23:16:36', 0),
(74, 7, 401, '268', '2014-06-14 23:16:36', 0),
(74, 7, 402, 'Lawrence, Justin', '2014-06-14 23:16:36', 0),
(74, 7, 403, 'Clovis, CA', '2014-06-14 23:16:36', 0),
(74, 7, 404, 'M400 Indian Summer GR', '2014-06-14 23:16:36', 0),
(75, 16, 410, '', '2014-06-14 23:55:38', 0),
(75, 16, 409, '', '2014-06-14 23:55:38', 0),
(75, 16, 408, '', '2014-06-14 23:55:38', 0),
(75, 16, 407, '', '2014-06-14 23:55:38', 0),
(75, 15, 411, '', '2014-06-14 23:55:38', 0),
(75, 15, 410, '', '2014-06-14 23:55:38', 0),
(75, 15, 409, '', '2014-06-14 23:55:38', 0),
(75, 15, 408, '', '2014-06-14 23:55:38', 0),
(75, 15, 407, '', '2014-06-14 23:55:38', 0),
(75, 14, 411, '', '2014-06-14 23:55:38', 0),
(75, 14, 410, '', '2014-06-14 23:55:38', 0),
(75, 14, 409, '', '2014-06-14 23:55:38', 0),
(75, 14, 408, '', '2014-06-14 23:55:38', 0),
(75, 14, 407, '', '2014-06-14 23:55:38', 0),
(75, 13, 411, '', '2014-06-14 23:55:38', 0),
(75, 13, 410, '', '2014-06-14 23:55:38', 0),
(75, 13, 409, '', '2014-06-14 23:55:38', 0),
(75, 13, 408, '', '2014-06-14 23:55:38', 0),
(75, 13, 407, '', '2014-06-14 23:55:38', 0),
(75, 12, 411, '', '2014-06-14 23:55:38', 0),
(75, 12, 410, '', '2014-06-14 23:55:38', 0),
(75, 12, 409, '', '2014-06-14 23:55:38', 0),
(75, 12, 408, '', '2014-06-14 23:55:38', 0),
(75, 12, 407, '', '2014-06-14 23:55:38', 0),
(75, 11, 411, '', '2014-06-14 23:55:38', 0),
(75, 11, 410, '', '2014-06-14 23:55:38', 0),
(75, 11, 409, 'Oakdale, CA', '2014-06-14 23:55:38', 0),
(75, 11, 408, 'Clymo, John', '2014-06-14 23:55:38', 0),
(75, 11, 407, '37', '2014-06-14 23:55:38', 0),
(75, 10, 411, '', '2014-06-14 23:55:38', 0),
(75, 10, 410, 'Non Notified Turn Out', '2014-06-14 23:55:38', 0),
(75, 10, 409, 'Ramona, CA', '2014-06-14 23:55:38', 0),
(75, 10, 408, 'Deskovick, Matt', '2014-06-14 23:55:38', 0),
(75, 10, 407, '54', '2014-06-14 23:55:38', 0),
(75, 9, 411, '', '2014-06-14 23:55:38', 0),
(75, 9, 410, '0', '2014-06-14 23:55:38', 0),
(75, 9, 409, 'Oakdale, CA', '2014-06-14 23:55:38', 0),
(75, 9, 408, 'Smith, Ryle', '2014-06-14 23:55:38', 0),
(75, 9, 407, '212', '2014-06-14 23:55:38', 0),
(75, 8, 411, '', '2014-06-14 23:55:38', 0),
(75, 8, 410, 'Doctor Release', '2014-06-14 23:55:38', 0),
(75, 8, 409, 'Warner Springs, CA', '2014-06-14 23:55:38', 0),
(75, 8, 408, 'Malone, Mason', '2014-06-14 23:55:38', 0),
(75, 8, 407, '133', '2014-06-14 23:55:38', 0),
(75, 7, 411, '', '2014-06-14 23:55:38', 0),
(75, 7, 410, '0', '2014-06-14 23:55:38', 0),
(75, 7, 409, 'Temecula, CA', '2014-06-14 23:55:38', 0),
(75, 7, 408, 'Vanderlans, Jack', '2014-06-14 23:55:38', 0),
(75, 7, 407, '230', '2014-06-14 23:55:38', 0),
(75, 6, 411, '', '2014-06-14 23:55:38', 0),
(75, 6, 410, '0', '2014-06-14 23:55:38', 0),
(75, 6, 409, 'Hilo, HI', '2014-06-14 23:55:38', 0),
(75, 6, 408, 'Cabral, Cody', '2014-06-14 23:55:38', 0),
(75, 6, 407, '25', '2014-06-14 23:55:38', 0),
(75, 5, 411, '', '2014-06-14 23:55:38', 0),
(75, 5, 410, 'Doctor Release', '2014-06-14 23:55:38', 0),
(75, 5, 409, 'Castro Valley, CA', '2014-06-14 23:55:38', 0),
(75, 5, 408, 'Davilla, Kyle', '2014-06-14 23:55:38', 0),
(75, 5, 407, '49', '2014-06-14 23:55:38', 0),
(75, 4, 411, '', '2014-06-14 23:55:38', 0),
(75, 4, 410, '14.3', '2014-06-14 23:55:38', 0),
(75, 4, 409, 'Salinas, CA', '2014-06-14 23:55:38', 0),
(75, 4, 408, 'Harris, Charles', '2014-06-14 23:55:38', 0),
(75, 4, 407, '87', '2014-06-14 23:55:38', 0),
(75, 3, 411, '', '2014-06-14 23:55:38', 0),
(76, 17, 416, '', '2014-06-15 00:35:22', 0),
(76, 17, 415, '', '2014-06-15 00:35:22', 0),
(76, 17, 414, '', '2014-06-15 00:35:22', 0),
(76, 17, 413, '', '2014-06-15 00:35:22', 0),
(76, 17, 412, '', '2014-06-15 00:35:22', 0),
(76, 16, 416, '', '2014-06-15 00:35:22', 0),
(76, 16, 415, '', '2014-06-15 00:35:22', 0),
(76, 16, 414, '', '2014-06-15 00:35:22', 0),
(76, 16, 413, '', '2014-06-15 00:35:22', 0),
(76, 16, 412, '', '2014-06-15 00:35:22', 0),
(76, 15, 416, '', '2014-06-15 00:35:22', 0),
(76, 15, 415, '', '2014-06-15 00:35:22', 0),
(76, 15, 414, '', '2014-06-15 00:35:22', 0),
(76, 15, 413, '', '2014-06-15 00:35:22', 0),
(76, 15, 412, '', '2014-06-15 00:35:22', 0),
(76, 14, 416, '', '2014-06-15 00:35:22', 0),
(76, 14, 415, '', '2014-06-15 00:35:22', 0),
(76, 14, 414, '', '2014-06-15 00:35:22', 0),
(76, 14, 413, '', '2014-06-15 00:35:22', 0),
(76, 14, 412, '', '2014-06-15 00:35:22', 0),
(76, 13, 416, '', '2014-06-15 00:35:22', 0),
(76, 13, 415, '', '2014-06-15 00:35:22', 0),
(76, 13, 414, '', '2014-06-15 00:35:22', 0),
(76, 13, 413, '', '2014-06-15 00:35:22', 0),
(76, 13, 412, '', '2014-06-15 00:35:22', 0),
(76, 12, 415, '18.33', '2014-06-15 00:35:22', 0),
(76, 12, 414, 'Ovalo, TX', '2014-06-15 00:35:22', 0),
(77, 15, 421, '', '2014-06-14 22:55:35', 0),
(77, 15, 420, '', '2014-06-14 22:55:35', 0),
(77, 15, 419, '', '2014-06-14 22:55:35', 0),
(77, 15, 418, '', '2014-06-14 22:55:35', 0),
(77, 15, 417, '', '2014-06-14 22:55:35', 0),
(77, 14, 421, '', '2014-06-14 22:55:35', 0),
(77, 14, 420, '', '2014-06-14 22:55:35', 0),
(77, 14, 419, '', '2014-06-14 22:55:35', 0),
(77, 14, 418, '', '2014-06-14 22:55:35', 0),
(77, 14, 417, '', '2014-06-14 22:55:35', 0),
(77, 13, 421, '', '2014-06-14 22:55:35', 0),
(77, 13, 420, '', '2014-06-14 22:55:35', 0),
(77, 13, 419, '', '2014-06-14 22:55:35', 0),
(77, 13, 418, '', '2014-06-14 22:55:35', 0),
(77, 13, 417, '', '2014-06-14 22:55:35', 0),
(77, 12, 421, '', '2014-06-14 22:55:35', 0),
(77, 12, 420, '', '2014-06-14 22:55:35', 0),
(77, 12, 419, '', '2014-06-14 22:55:35', 0),
(77, 12, 418, '', '2014-06-14 22:55:35', 0),
(77, 12, 417, '', '2014-06-14 22:55:35', 0),
(77, 11, 420, '0', '2014-06-14 22:55:35', 0),
(77, 11, 419, 'Atascadero, CA', '2014-06-14 22:55:35', 0),
(77, 11, 418, 'Lockard, Wes', '2014-06-14 22:55:35', 0),
(77, 10, 420, '8.8', '2014-06-14 22:55:35', 0),
(77, 11, 417, '130', '2014-06-14 22:55:35', 0),
(76, 12, 413, 'Alexander, Christina', '2014-06-15 00:35:22', 0),
(76, 12, 412, '1', '2014-06-15 00:35:22', 0),
(76, 11, 415, '17.59', '2014-06-15 00:35:22', 0),
(76, 11, 414, 'Gun Barrel City, TX', '2014-06-15 00:35:22', 0),
(78, 18, 426, '', '2014-06-15 00:19:58', 0),
(78, 18, 425, '', '2014-06-15 00:19:58', 0),
(78, 18, 424, '', '2014-06-15 00:19:58', 0),
(78, 18, 423, '', '2014-06-15 00:19:58', 0),
(78, 18, 422, '', '2014-06-15 00:19:58', 0),
(78, 17, 426, '', '2014-06-15 00:19:58', 0),
(78, 17, 425, '', '2014-06-15 00:19:58', 0),
(78, 17, 424, '', '2014-06-15 00:19:58', 0),
(78, 17, 423, '', '2014-06-15 00:19:58', 0),
(78, 17, 422, '', '2014-06-15 00:19:58', 0),
(78, 16, 426, '', '2014-06-15 00:19:58', 0),
(78, 16, 425, '', '2014-06-15 00:19:58', 0),
(78, 16, 424, '', '2014-06-15 00:19:58', 0),
(78, 16, 423, '', '2014-06-15 00:19:58', 0),
(78, 16, 422, '', '2014-06-15 00:19:58', 0),
(78, 15, 426, '', '2014-06-15 00:19:58', 0),
(78, 15, 425, '', '2014-06-15 00:19:58', 0),
(78, 15, 424, '', '2014-06-15 00:19:58', 0),
(78, 15, 423, '', '2014-06-15 00:19:58', 0),
(78, 15, 422, '', '2014-06-15 00:19:58', 0),
(78, 14, 426, '', '2014-06-15 00:19:58', 0),
(78, 14, 425, '', '2014-06-15 00:19:58', 0),
(78, 14, 424, '', '2014-06-15 00:19:58', 0),
(78, 14, 423, '', '2014-06-15 00:19:58', 0),
(78, 14, 422, '', '2014-06-15 00:19:58', 0),
(78, 13, 426, '', '2014-06-15 00:19:58', 0),
(78, 13, 424, '241 Watkins, Dusty Bakersfield, CA', '2014-06-15 00:19:58', 0),
(78, 13, 425, '11.4', '2014-06-15 00:19:58', 0),
(78, 13, 423, 'Gill, Landon Madera, CA', '2014-06-15 00:19:58', 0),
(78, 13, 422, '71', '2014-06-15 00:19:58', 0),
(78, 12, 426, '', '2014-06-15 00:19:58', 0),
(78, 12, 425, '16.8', '2014-06-15 00:19:58', 0),
(78, 12, 424, '186 Riley, Nolan Norco, CA', '2014-06-15 00:19:58', 0),
(78, 12, 423, 'Smith, Johnny Norco, CA', '2014-06-15 00:19:58', 0),
(78, 12, 422, '211', '2014-06-15 00:19:58', 0),
(78, 11, 426, '', '2014-06-15 00:19:58', 0),
(78, 11, 425, '15.6', '2014-06-15 00:19:58', 0),
(78, 11, 424, '147 Monighetti, Mike Los Alamos, CA', '2014-06-15 00:19:58', 0),
(78, 11, 423, 'Xavier, Travis Shandon, CA', '2014-06-15 00:19:58', 0),
(78, 11, 422, '257', '2014-06-15 00:19:58', 0),
(78, 10, 426, '', '2014-06-15 00:19:58', 0),
(78, 10, 425, '6.6', '2014-06-15 00:19:58', 0),
(78, 10, 424, '34 Chaves, John Los Alamos, CA', '2014-06-15 00:19:58', 0),
(78, 10, 422, '148', '2014-06-15 00:19:58', 0),
(78, 10, 423, 'Mora, Cody Arroyo Grande, CA', '2014-06-15 00:19:58', 0),
(78, 9, 426, '', '2014-06-15 00:19:58', 0),
(78, 9, 425, '5.2', '2014-06-15 00:19:58', 0),
(78, 9, 424, '228 Twisselman, Jake Santa Margarita, CA', '2014-06-15 00:19:58', 0),
(78, 9, 423, 'Linaweaver, Blaine Irvine, CA', '2014-06-15 00:19:58', 0),
(78, 9, 422, '127', '2014-06-15 00:19:58', 0),
(78, 8, 426, '', '2014-06-15 00:19:58', 0),
(78, 8, 425, '6.6', '2014-06-15 00:19:58', 0),
(78, 8, 424, '4 Arnold, Evan Santa Margarita, CA', '2014-06-15 00:19:58', 0),
(78, 8, 423, 'Motes, David Tolar, TX', '2014-06-15 00:19:58', 0),
(78, 8, 422, '153', '2014-06-15 00:19:58', 0),
(78, 7, 426, '', '2014-06-15 00:19:58', 0),
(78, 7, 425, '16.0', '2014-06-15 00:19:58', 0),
(78, 7, 423, 'Christensen, Mike Bakersfield, CA', '2014-06-15 00:19:58', 0),
(78, 7, 424, '93 Hixon, Jared Bakersfield, CA', '2014-06-15 00:19:58', 0),
(78, 7, 422, '35', '2014-06-15 00:19:58', 0),
(80, 15, 438, '', '2014-06-15 22:33:47', 0),
(80, 15, 437, '', '2014-06-15 22:33:47', 0),
(80, 15, 436, '', '2014-06-15 22:33:47', 0),
(80, 15, 435, '', '2014-06-15 22:33:47', 0),
(79, 26, 432, '', '2014-06-15 01:06:16', 0),
(79, 26, 431, '', '2014-06-15 01:06:16', 0),
(79, 26, 430, '', '2014-06-15 01:06:16', 0),
(79, 26, 429, '', '2014-06-15 01:06:16', 0),
(79, 26, 428, '', '2014-06-15 01:06:16', 0),
(79, 26, 427, '', '2014-06-15 01:06:16', 0),
(79, 25, 432, '', '2014-06-15 01:06:16', 0),
(79, 25, 431, '', '2014-06-15 01:06:16', 0),
(79, 25, 430, '', '2014-06-15 01:06:16', 0),
(79, 25, 429, '', '2014-06-15 01:06:16', 0),
(79, 25, 428, '', '2014-06-15 01:06:16', 0),
(79, 25, 427, '', '2014-06-15 01:06:16', 0),
(79, 24, 432, '', '2014-06-15 01:06:16', 0),
(79, 24, 431, '', '2014-06-15 01:06:16', 0),
(79, 24, 430, '', '2014-06-15 01:06:16', 0),
(79, 24, 429, '', '2014-06-15 01:06:16', 0),
(79, 24, 428, '', '2014-06-15 01:06:16', 0),
(79, 24, 427, '', '2014-06-15 01:06:16', 0),
(79, 23, 432, '', '2014-06-15 01:06:16', 0),
(79, 23, 431, '', '2014-06-15 01:06:16', 0),
(79, 23, 430, '', '2014-06-15 01:06:16', 0),
(79, 23, 429, '', '2014-06-15 01:06:16', 0),
(79, 23, 428, '', '2014-06-15 01:06:16', 0),
(79, 23, 427, '', '2014-06-15 01:06:16', 0),
(79, 22, 432, '', '2014-06-15 01:06:16', 0),
(79, 22, 431, '', '2014-06-15 01:06:16', 0),
(79, 22, 430, '', '2014-06-15 01:06:16', 0),
(79, 22, 429, '', '2014-06-15 01:06:16', 0),
(79, 22, 428, '', '2014-06-15 01:06:16', 0),
(79, 22, 427, '', '2014-06-15 01:06:16', 0),
(79, 21, 432, '', '2014-06-15 01:06:16', 0),
(79, 21, 431, '0', '2014-06-15 01:06:16', 0),
(79, 21, 430, '048  GR', '2014-06-15 01:06:16', 0),
(79, 21, 429, 'Brazil,', '2014-06-15 01:06:16', 0),
(79, 21, 428, 'De Jesus, Fuzaca', '2014-06-15 01:06:16', 0),
(79, 21, 427, '50', '2014-06-15 01:06:16', 0),
(79, 20, 432, '', '2014-06-15 01:06:16', 0),
(79, 20, 431, '0', '2014-06-15 01:06:16', 0),
(79, 20, 430, '908 Cowboy Justice GR', '2014-06-15 01:06:16', 0),
(79, 20, 429, 'San Luis, MX', '2014-06-15 01:06:16', 0),
(79, 20, 428, 'Martinez, Arturo G', '2014-06-15 01:06:16', 0),
(79, 20, 427, '135', '2014-06-15 01:06:16', 0),
(79, 19, 432, '', '2014-06-15 01:06:16', 0),
(79, 19, 431, '0', '2014-06-15 01:06:16', 0);
INSERT INTO `unknownapp_bmlivestats_stats` (`perf_event_id`, `row_id`, `stats_meta_id`, `value`, `created`, `created_by`) VALUES
(79, 19, 430, '013  GR', '2014-06-15 01:06:16', 0),
(79, 19, 429, 'Apple Valley, CA', '2014-06-15 01:06:16', 0),
(79, 19, 428, 'Wilson, Jordan', '2014-06-15 01:06:16', 0),
(79, 19, 427, '250', '2014-06-15 01:06:16', 0),
(79, 18, 432, '', '2014-06-15 01:06:16', 0),
(79, 18, 431, '69', '2014-06-15 01:06:16', 0),
(79, 18, 430, '055  GR', '2014-06-15 01:06:16', 0),
(79, 18, 429, 'Norco, CA', '2014-06-15 01:06:16', 0),
(79, 18, 428, 'Hallam, Ricky', '2014-06-15 01:06:16', 0),
(79, 18, 427, '80', '2014-06-15 01:06:16', 0),
(79, 17, 432, '', '2014-06-15 01:06:16', 0),
(79, 17, 431, '0', '2014-06-15 01:06:16', 0),
(79, 17, 430, '912 Gangster of Love GR', '2014-06-15 01:06:16', 0),
(79, 17, 429, 'Nuevo, CA', '2014-06-15 01:06:16', 0),
(79, 17, 428, 'Rickard, Justin', '2014-06-15 01:06:16', 0),
(79, 17, 427, '183', '2014-06-15 01:06:16', 0),
(79, 16, 432, '', '2014-06-15 01:06:16', 0),
(79, 16, 431, 'Doctor Release', '2014-06-15 01:06:16', 0),
(79, 16, 430, '', '2014-06-15 01:06:16', 0),
(79, 16, 428, 'Velez, Pewee', '2014-06-15 01:06:16', 0),
(79, 16, 429, 'Edmond, OK', '2014-06-15 01:06:16', 0),
(79, 16, 427, '232', '2014-06-15 01:06:16', 0),
(79, 15, 432, '', '2014-06-15 01:06:16', 0),
(79, 15, 431, 'Doctor Release', '2014-06-15 01:06:16', 0),
(79, 15, 430, '', '2014-06-15 01:06:16', 0),
(79, 15, 429, 'Lompoc, CA', '2014-06-15 01:06:16', 0),
(79, 15, 428, 'Torrez Ortega, Canechito', '2014-06-15 01:06:16', 0),
(79, 15, 427, '224', '2014-06-15 01:06:16', 0),
(79, 14, 432, '', '2014-06-15 01:06:16', 0),
(79, 14, 431, '0', '2014-06-15 01:06:16', 0),
(79, 14, 430, '933', '2014-06-15 01:06:16', 0),
(79, 14, 429, 'Springville, CA', '2014-06-15 01:06:16', 0),
(79, 14, 428, 'O\\''Connor, Cody', '2014-06-15 01:06:16', 0),
(79, 14, 427, '271', '2014-06-15 01:06:16', 0),
(79, 13, 432, '', '2014-06-15 01:06:16', 0),
(79, 13, 431, 'Draw Out', '2014-06-15 01:06:16', 0),
(79, 13, 430, '', '2014-06-15 01:06:16', 0),
(79, 13, 429, 'Chihuahua, MX', '2014-06-15 01:06:16', 0),
(79, 13, 428, 'McDonald, Rocky', '2014-06-15 01:06:16', 0),
(73, 7, 396, 'Landingham, R.C.', '2014-06-14 22:43:28', 0),
(73, 6, 400, 'Turn Out -', '2014-06-14 22:43:28', 0),
(73, 7, 395, '120', '2014-06-14 22:43:28', 0),
(73, 6, 399, '', '2014-06-14 22:43:28', 0),
(73, 6, 398, '438 Bet On Me GR', '2014-06-14 22:43:28', 0),
(73, 6, 397, 'Cowley, WY', '2014-06-14 22:43:28', 0),
(73, 6, 396, 'Vezain, JR', '2014-06-14 22:43:28', 0),
(73, 6, 395, '234', '2014-06-14 22:43:28', 0),
(73, 5, 400, '', '2014-06-14 22:43:28', 0),
(73, 5, 399, '78', '2014-06-14 22:43:28', 0),
(73, 5, 398, 'M438 Wild & Blue GR', '2014-06-14 22:43:28', 0),
(73, 5, 397, 'Morgan, UT', '2014-06-14 22:43:28', 0),
(73, 5, 396, 'Bennett, Caleb', '2014-06-14 22:43:28', 0),
(73, 5, 395, '10', '2014-06-14 22:43:28', 0),
(73, 4, 400, '', '2014-06-14 22:43:28', 0),
(73, 4, 399, '77', '2014-06-14 22:43:28', 0),
(73, 4, 398, '793  GR', '2014-06-14 22:43:28', 0),
(73, 4, 397, 'Buhl, ID', '2014-06-14 22:43:28', 0),
(73, 4, 396, 'Young, Josi', '2014-06-14 22:43:28', 0),
(73, 4, 395, '260', '2014-06-14 22:43:28', 0),
(73, 3, 400, '', '2014-06-14 22:43:28', 0),
(73, 3, 399, '84', '2014-06-14 22:43:28', 0),
(73, 3, 398, '218 Jenny\\''s Red Wine GR', '2014-06-14 22:43:28', 0),
(73, 3, 397, 'Spanish Fork, UT', '2014-06-14 22:43:28', 0),
(73, 3, 396, 'Feild, Kaycee', '2014-06-14 22:43:28', 0),
(73, 3, 395, '64', '2014-06-14 22:43:28', 0),
(73, 2, 400, '', '2014-06-14 22:43:28', 0),
(73, 2, 399, '67', '2014-06-14 22:43:28', 0),
(73, 2, 398, '016 Bittersweet GR', '2014-06-14 22:43:28', 0),
(73, 2, 397, 'Los Molinos, CA', '2014-06-14 22:43:28', 0),
(73, 2, 396, 'Kevie, Travis', '2014-06-14 22:43:28', 0),
(73, 2, 395, '113', '2014-06-14 22:43:28', 0),
(73, 1, 400, '', '2014-06-14 22:43:28', 0),
(73, 1, 399, '81', '2014-06-14 22:43:28', 0),
(73, 1, 398, '960 Beaver Fever GR', '2014-06-14 22:43:28', 0),
(73, 1, 397, 'Lubbock, TX', '2014-06-14 22:43:28', 0),
(73, 1, 396, 'Creasy, Luke', '2014-06-14 22:43:28', 0),
(73, 1, 395, '47', '2014-06-14 22:43:28', 0),
(77, 10, 419, 'Oakdale, CA', '2014-06-14 22:55:35', 0),
(77, 10, 418, 'Smith, Ryle', '2014-06-14 22:55:35', 0),
(77, 10, 417, '212', '2014-06-14 22:55:35', 0),
(77, 9, 420, 'Doctor Release', '2014-06-14 22:55:35', 0),
(77, 9, 419, 'Warner Springs, CA', '2014-06-14 22:55:35', 0),
(77, 9, 418, 'Malone, Mason', '2014-06-14 22:55:35', 0),
(77, 9, 417, '133', '2014-06-14 22:55:35', 0),
(77, 8, 420, '0', '2014-06-14 22:55:35', 0),
(77, 8, 419, 'Temecula, CA', '2014-06-14 22:55:35', 0),
(77, 8, 418, 'Vanderlans, Jack', '2014-06-14 22:55:35', 0),
(77, 8, 417, '230', '2014-06-14 22:55:35', 0),
(77, 7, 420, '13.0', '2014-06-14 22:55:35', 0),
(77, 7, 419, 'Lancaster, CA', '2014-06-14 22:55:35', 0),
(77, 7, 418, 'Lane, Justin', '2014-06-14 22:55:35', 0),
(77, 7, 417, '121', '2014-06-14 22:55:35', 0),
(77, 6, 420, '10.', '2014-06-14 22:55:35', 0),
(77, 6, 419, 'Conroe, TX', '2014-06-14 22:55:35', 0),
(77, 6, 418, 'Steinberg, Nathan', '2014-06-14 22:55:35', 0),
(77, 6, 417, '217', '2014-06-14 22:55:35', 0),
(77, 5, 420, '0', '2014-06-14 22:55:35', 0),
(77, 5, 419, 'Salinas, CA', '2014-06-14 22:55:35', 0),
(77, 5, 418, 'Jones, Jeff', '2014-06-14 22:55:35', 0),
(77, 4, 420, 'Notified Turn OUt', '2014-06-14 22:55:35', 0),
(77, 5, 417, '107', '2014-06-14 22:55:35', 0),
(77, 4, 419, 'Sulphur, LA', '2014-06-14 22:55:35', 0),
(77, 4, 418, 'Hanchey, Shane', '2014-06-14 22:55:35', 0),
(77, 4, 417, '83', '2014-06-14 22:55:35', 0),
(77, 3, 420, '9.6', '2014-06-14 22:55:35', 0),
(77, 3, 419, 'Durant, OK', '2014-06-14 22:55:35', 0),
(77, 3, 418, 'Burk, Blair', '2014-06-14 22:55:35', 0),
(77, 2, 420, '9.5', '2014-06-14 22:55:35', 0),
(77, 3, 417, '24', '2014-06-14 22:55:35', 0),
(77, 2, 419, 'Terrebonne, OR', '2014-06-14 22:55:35', 0),
(77, 2, 417, '30', '2014-06-14 22:55:35', 0),
(77, 2, 418, 'Cardoza, Russell', '2014-06-14 22:55:35', 0),
(77, 1, 420, 'Notified Turn Out', '2014-06-14 22:55:35', 0),
(77, 1, 419, 'Kelseyville, CA', '2014-06-14 22:55:35', 0),
(77, 1, 418, 'Jones, J. Cody', '2014-06-14 22:55:35', 0),
(77, 1, 417, '105', '2014-06-14 22:55:35', 0),
(77, 16, 420, '', '2014-06-14 22:55:35', 0),
(77, 16, 421, '', '2014-06-14 22:55:35', 0),
(74, 7, 405, '66', '2014-06-14 23:16:36', 0),
(74, 6, 405, '80', '2014-06-14 23:16:36', 0),
(74, 6, 404, '98 Blazing Gun GR', '2014-06-14 23:16:36', 0),
(74, 6, 403, 'Desdemona, TX', '2014-06-14 23:16:36', 0),
(74, 6, 402, 'Diaz, Isaac', '2014-06-14 23:16:36', 0),
(74, 6, 401, '56', '2014-06-14 23:16:36', 0),
(74, 5, 406, '', '2014-06-14 23:16:36', 0),
(74, 5, 405, '80', '2014-06-14 23:16:36', 0),
(74, 5, 404, '700 Pearl Necklace GR', '2014-06-14 23:16:36', 0),
(74, 5, 403, 'Corona, NM', '2014-06-14 23:16:36', 0),
(74, 5, 402, 'Muncy, Taos', '2014-06-14 23:16:36', 0),
(74, 5, 401, '155', '2014-06-14 23:16:36', 0),
(74, 4, 406, '', '2014-06-14 23:16:36', 0),
(74, 4, 405, '72', '2014-06-14 23:16:36', 0),
(74, 4, 404, '903 Riddle Me This GR', '2014-06-14 23:16:36', 0),
(74, 4, 403, 'Hoytsville, UT', '2014-06-14 23:16:36', 0),
(74, 4, 402, 'Nicholes, Brady', '2014-06-14 23:16:36', 0),
(74, 4, 401, '159', '2014-06-14 23:16:36', 0),
(74, 3, 406, '', '2014-06-14 23:16:36', 0),
(74, 3, 405, '77', '2014-06-14 23:16:36', 0),
(74, 3, 404, '624 What Paegan GR', '2014-06-14 23:16:36', 0),
(74, 3, 403, 'Milford, UT', '2014-06-14 23:16:36', 0),
(74, 3, 402, 'Wright, Spencer', '2014-06-14 23:16:36', 0),
(74, 3, 401, '256', '2014-06-14 23:16:36', 0),
(74, 2, 406, '', '2014-06-14 23:16:36', 0),
(74, 2, 405, '80', '2014-06-14 23:16:36', 0),
(74, 2, 404, '301- Smooth Sailin GR', '2014-06-14 23:16:36', 0),
(74, 2, 403, 'Milford, UT', '2014-06-14 23:16:36', 0),
(74, 2, 402, 'Wright, Rusty', '2014-06-14 23:16:36', 0),
(74, 2, 401, '255', '2014-06-14 23:16:36', 0),
(74, 1, 406, '', '2014-06-14 23:16:36', 0),
(74, 1, 405, 'Notified Turn Out', '2014-06-14 23:16:36', 0),
(74, 1, 404, '914 Angel Eyes GR', '2014-06-14 23:16:36', 0),
(74, 1, 403, 'Milford, UT', '2014-06-14 23:16:36', 0),
(74, 1, 402, 'Wright, Cody', '2014-06-14 23:16:36', 0),
(74, 1, 401, '253', '2014-06-14 23:16:36', 0),
(75, 3, 410, '4.9', '2014-06-14 23:55:38', 0),
(75, 3, 409, 'Elko, NV', '2014-06-14 23:55:38', 0),
(75, 3, 408, 'Eldridge, Dakota W', '2014-06-14 23:55:38', 0),
(75, 3, 407, '61', '2014-06-14 23:55:38', 0),
(75, 2, 411, '', '2014-06-14 23:55:38', 0),
(75, 2, 410, '4.2', '2014-06-14 23:55:38', 0),
(75, 2, 409, 'Fallon, NV', '2014-06-14 23:55:38', 0),
(75, 2, 408, 'Lambert, Sterling', '2014-06-14 23:55:38', 0),
(75, 2, 407, '119', '2014-06-14 23:55:38', 0),
(75, 1, 411, '', '2014-06-14 23:55:38', 0),
(75, 1, 410, '0', '2014-06-14 23:55:38', 0),
(75, 1, 409, 'Terrebonne, OR', '2014-06-14 23:55:38', 0),
(75, 1, 408, 'Cardoza, Russell', '2014-06-14 23:55:38', 0),
(75, 1, 407, '30', '2014-06-14 23:55:38', 0),
(78, 6, 426, '', '2014-06-15 00:19:58', 0),
(78, 6, 425, '0', '2014-06-15 00:19:58', 0),
(78, 6, 424, '121 Lane, Justin Lancaster, CA', '2014-06-15 00:19:58', 0),
(78, 6, 423, 'Howard, Maurice Quartz Hill, CA', '2014-06-15 00:19:58', 0),
(78, 6, 422, '98', '2014-06-15 00:19:58', 0),
(78, 5, 426, '', '2014-06-15 00:19:58', 0),
(78, 5, 425, '0', '2014-06-15 00:19:58', 0),
(78, 5, 424, '64 Feild, Kaycee Spanish Fork, UT', '2014-06-15 00:19:58', 0),
(78, 5, 423, 'Young, Josi Buhl, ID', '2014-06-15 00:19:58', 0),
(78, 5, 422, '260', '2014-06-15 00:19:58', 0),
(78, 4, 426, '', '2014-06-15 00:19:58', 0),
(78, 4, 423, 'Cozzitorto, Eric Gustine, CA', '2014-06-15 00:19:58', 0),
(78, 4, 424, '254 Wright, Jordan Bakersfield, CA', '2014-06-15 00:19:58', 0),
(78, 4, 425, '0', '2014-06-15 00:19:58', 0),
(78, 4, 422, '45', '2014-06-15 00:19:58', 0),
(78, 3, 426, '', '2014-06-15 00:19:58', 0),
(78, 3, 425, '0', '2014-06-15 00:19:58', 0),
(78, 3, 424, '68 Forzano, Cord Madera, CA', '2014-06-15 00:19:58', 0),
(78, 3, 423, 'Wilken, C.R. Templeton, CA', '2014-06-15 00:19:58', 0),
(78, 3, 422, '246', '2014-06-15 00:19:58', 0),
(78, 2, 426, '', '2014-06-15 00:19:58', 0),
(78, 2, 425, '6.1', '2014-06-15 00:19:58', 0),
(78, 2, 424, '30 Cardoza, Russell Terrebonne, OR', '2014-06-15 00:19:58', 0),
(78, 2, 423, 'Mitchell, Spencer Colusa, CA', '2014-06-15 00:19:58', 0),
(78, 1, 426, '', '2014-06-15 00:19:58', 0),
(78, 2, 422, '146', '2014-06-15 00:19:58', 0),
(78, 1, 425, '0', '2014-06-15 00:19:58', 0),
(78, 1, 424, '240 Watkins, Dennis Bakersfield, CA', '2014-06-15 00:19:58', 0),
(78, 1, 423, 'Grantham, Levi Paso Robles, CA', '2014-06-15 00:19:58', 0),
(78, 1, 422, '73', '2014-06-15 00:19:58', 0),
(76, 11, 413, 'Forrest, Sidney', '2014-06-15 00:35:22', 0),
(76, 11, 412, '67', '2014-06-15 00:35:22', 0),
(76, 10, 415, '18.13', '2014-06-15 00:35:22', 0),
(76, 10, 414, 'Vacaville, CA', '2014-06-15 00:35:22', 0),
(76, 10, 413, 'Williamson, Cynthia', '2014-06-15 00:35:22', 0),
(76, 10, 412, '249', '2014-06-15 00:35:22', 0),
(76, 9, 415, '19.97', '2014-06-15 00:35:22', 0),
(76, 9, 414, 'Tres Pinos, CA', '2014-06-15 00:35:22', 0),
(76, 9, 413, 'Fancher, Cynthia', '2014-06-15 00:35:22', 0),
(76, 9, 412, '63', '2014-06-15 00:35:22', 0),
(76, 8, 415, '17.88', '2014-06-15 00:35:22', 0),
(76, 8, 414, 'Hollister, CA', '2014-06-15 00:35:22', 0),
(76, 8, 412, '164', '2014-06-15 00:35:22', 0),
(76, 8, 413, 'Perry, Melissa', '2014-06-15 00:35:22', 0),
(76, 7, 415, '17.90', '2014-06-15 00:35:22', 0),
(76, 7, 414, 'Kerman, CA', '2014-06-15 00:35:22', 0),
(76, 7, 413, 'Hattesen, Cheyenne', '2014-06-15 00:35:22', 0),
(76, 7, 412, '90', '2014-06-15 00:35:22', 0),
(76, 6, 415, '17.73', '2014-06-15 00:35:22', 0),
(76, 6, 414, 'Arroyo Grande, CA', '2014-06-15 00:35:22', 0),
(76, 6, 413, 'Cline, Courtney', '2014-06-15 00:35:22', 0),
(76, 6, 412, '36', '2014-06-15 00:35:22', 0),
(76, 5, 415, '18.07', '2014-06-15 00:35:22', 0),
(76, 5, 414, 'Atascadero, CA', '2014-06-15 00:35:22', 0),
(76, 5, 413, 'Lockard, Lacey', '2014-06-15 00:35:22', 0),
(76, 5, 412, '129', '2014-06-15 00:35:22', 0),
(76, 4, 415, '18.26', '2014-06-15 00:35:22', 0),
(76, 4, 414, 'Waterford, CA', '2014-06-15 00:35:22', 0),
(76, 4, 413, 'Wall, Katelyn', '2014-06-15 00:35:22', 0),
(76, 4, 412, '237', '2014-06-15 00:35:22', 0),
(76, 3, 415, '18.41', '2014-06-15 00:35:22', 0),
(76, 3, 414, 'Waterford, CA', '2014-06-15 00:35:22', 0),
(76, 3, 413, 'Wall, Sandy', '2014-06-15 00:35:22', 0),
(76, 3, 412, '239', '2014-06-15 00:35:22', 0),
(76, 1, 413, 'Robertson, Savannah', '2014-06-15 00:35:22', 0),
(76, 2, 415, '23.09', '2014-06-15 00:35:22', 0),
(76, 2, 414, 'Nipom, CA', '2014-06-15 00:35:22', 0),
(76, 2, 413, 'Aquino, Haley', '2014-06-15 00:35:22', 0),
(76, 2, 412, '3', '2014-06-15 00:35:22', 0),
(76, 1, 415, '18.04', '2014-06-15 00:35:22', 0),
(76, 1, 414, 'Los Osos, CA', '2014-06-15 00:35:22', 0),
(76, 1, 412, '189', '2014-06-15 00:35:22', 0),
(79, 13, 427, '138', '2014-06-15 01:06:16', 0),
(79, 12, 432, '', '2014-06-15 01:06:16', 0),
(79, 12, 431, '0', '2014-06-15 01:06:16', 0),
(79, 12, 430, '942  GR', '2014-06-15 01:06:16', 0),
(79, 12, 429, 'Los Molinos, CA', '2014-06-15 01:06:16', 0),
(79, 12, 428, 'Kevie, Travis', '2014-06-15 01:06:16', 0),
(79, 12, 427, '113', '2014-06-15 01:06:16', 0),
(79, 11, 432, '', '2014-06-15 01:06:16', 0),
(79, 11, 431, '0', '2014-06-15 01:06:16', 0),
(79, 11, 430, '922  GR', '2014-06-15 01:06:16', 0),
(79, 11, 429, 'Reno, NV', '2014-06-15 01:06:16', 0),
(79, 11, 428, 'Morris, Will', '2014-06-15 01:06:16', 0),
(79, 11, 427, '150', '2014-06-15 01:06:16', 0),
(79, 10, 432, '', '2014-06-15 01:06:16', 0),
(79, 10, 431, '0', '2014-06-15 01:06:16', 0),
(79, 10, 430, '939  GR', '2014-06-15 01:06:16', 0),
(79, 10, 429, 'Yerington, NV', '2014-06-15 01:06:16', 0),
(79, 10, 428, 'Tibbals, Blaine', '2014-06-15 01:06:16', 0),
(79, 10, 427, '222', '2014-06-15 01:06:16', 0),
(79, 9, 432, '', '2014-06-15 01:06:16', 0),
(79, 9, 431, '0', '2014-06-15 01:06:16', 0),
(79, 9, 430, '+923 Shot Caller GR', '2014-06-15 01:06:16', 0),
(79, 9, 429, 'Garden Valley, ID', '2014-06-15 01:06:16', 0),
(79, 9, 428, 'Jones, Jed', '2014-06-15 01:06:16', 0),
(79, 9, 427, '106', '2014-06-15 01:06:16', 0),
(79, 8, 432, '', '2014-06-15 01:06:16', 0),
(79, 8, 431, '0', '2014-06-15 01:06:16', 0),
(79, 8, 430, '950  GR', '2014-06-15 01:06:16', 0),
(79, 8, 429, 'Weiser, ID', '2014-06-15 01:06:16', 0),
(79, 8, 428, 'Mason, Dallee', '2014-06-15 01:06:16', 0),
(79, 8, 427, '136', '2014-06-15 01:06:16', 0),
(79, 7, 432, '', '2014-06-15 01:06:16', 0),
(79, 7, 431, 'Notified Turn Out', '2014-06-15 01:06:16', 0),
(79, 7, 430, '933  GR', '2014-06-15 01:06:16', 0),
(79, 7, 429, 'Toppenish, WA', '2014-06-15 01:06:16', 0),
(79, 7, 428, 'Olney, Cheyne', '2014-06-15 01:06:16', 0),
(79, 7, 427, '162', '2014-06-15 01:06:16', 0),
(79, 6, 432, '', '2014-06-15 01:06:16', 0),
(79, 6, 431, '0', '2014-06-15 01:06:16', 0),
(79, 6, 430, 'S917 Fire Fox GR', '2014-06-15 01:06:16', 0),
(79, 6, 429, 'Kuna, ID', '2014-06-15 01:06:16', 0),
(79, 6, 428, 'Coppini, Paul', '2014-06-15 01:06:16', 0),
(79, 6, 427, '42', '2014-06-15 01:06:16', 0),
(79, 5, 432, '', '2014-06-15 01:06:16', 0),
(79, 5, 431, '0', '2014-06-15 01:06:16', 0),
(79, 5, 430, '918 Loaded Deck GR', '2014-06-15 01:06:16', 0),
(79, 5, 429, 'Kingsburg, CA', '2014-06-15 01:06:16', 0),
(79, 5, 428, 'Lange, Garrett', '2014-06-15 01:06:16', 0),
(79, 5, 427, '122', '2014-06-15 01:06:16', 0),
(79, 4, 432, '', '2014-06-15 01:06:16', 0),
(79, 4, 431, '0', '2014-06-15 01:06:16', 0),
(79, 4, 430, '928 Victory Dance GR', '2014-06-15 01:06:16', 0),
(79, 4, 429, 'Clovis, CA', '2014-06-15 01:06:16', 0),
(79, 4, 428, 'Rose, Kaycee', '2014-06-15 01:06:16', 0),
(79, 4, 427, '194', '2014-06-15 01:06:16', 0),
(79, 3, 432, '', '2014-06-15 01:06:16', 0),
(79, 3, 431, '0', '2014-06-15 01:06:16', 0),
(79, 3, 430, '025  GR', '2014-06-15 01:06:16', 0),
(79, 3, 429, 'Riverside, CA', '2014-06-15 01:06:16', 0),
(79, 3, 428, 'Finnels, Derrick', '2014-06-15 01:06:16', 0),
(79, 3, 427, '66', '2014-06-15 01:06:16', 0),
(79, 2, 432, '', '2014-06-15 01:06:16', 0),
(79, 2, 431, '0', '2014-06-15 01:06:16', 0),
(79, 2, 430, '911 Mr Smooth GR', '2014-06-15 01:06:16', 0),
(79, 2, 429, 'Lancaster, CA', '2014-06-15 01:06:16', 0),
(79, 2, 428, 'Primrose, Danny', '2014-06-15 01:06:16', 0),
(79, 2, 427, '172', '2014-06-15 01:06:16', 0),
(79, 1, 432, '', '2014-06-15 01:06:16', 0),
(79, 1, 431, '0', '2014-06-15 01:06:16', 0),
(79, 1, 430, '046  GR', '2014-06-15 01:06:16', 0),
(79, 1, 429, 'Livermore, CA', '2014-06-15 01:06:16', 0),
(79, 1, 428, 'Reich, Cody', '2014-06-15 01:06:16', 0),
(79, 1, 427, '179', '2014-06-15 01:06:16', 0),
(80, 15, 434, '', '2014-06-15 22:33:47', 0),
(80, 15, 433, '', '2014-06-15 22:33:47', 0),
(80, 14, 438, '', '2014-06-15 22:33:47', 0),
(80, 14, 437, '', '2014-06-15 22:33:47', 0),
(80, 14, 436, '', '2014-06-15 22:33:47', 0),
(80, 14, 435, '', '2014-06-15 22:33:47', 0),
(80, 14, 434, '', '2014-06-15 22:33:47', 0),
(80, 14, 433, '', '2014-06-15 22:33:47', 0),
(80, 13, 438, '', '2014-06-15 22:33:47', 0),
(80, 13, 437, '', '2014-06-15 22:33:47', 0),
(80, 13, 436, '', '2014-06-15 22:33:47', 0),
(80, 13, 435, '', '2014-06-15 22:33:47', 0),
(80, 13, 434, '', '2014-06-15 22:33:47', 0),
(80, 13, 433, '', '2014-06-15 22:33:47', 0),
(80, 12, 438, '', '2014-06-15 22:33:47', 0),
(80, 12, 437, '', '2014-06-15 22:33:47', 0),
(80, 12, 436, '', '2014-06-15 22:33:47', 0),
(80, 12, 435, '', '2014-06-15 22:33:47', 0),
(80, 12, 434, '', '2014-06-15 22:33:47', 0),
(80, 12, 433, '', '2014-06-15 22:33:47', 0),
(80, 11, 438, '', '2014-06-15 22:33:47', 0),
(80, 11, 437, '', '2014-06-15 22:33:47', 0),
(80, 11, 436, '', '2014-06-15 22:33:47', 0),
(80, 11, 435, '', '2014-06-15 22:33:47', 0),
(80, 11, 434, '', '2014-06-15 22:33:47', 0),
(80, 11, 433, '', '2014-06-15 22:33:47', 0),
(80, 10, 438, '', '2014-06-15 22:33:47', 0),
(80, 10, 437, '0', '2014-06-15 22:33:47', 0),
(80, 10, 436, '75 Paleface GR', '2014-06-15 22:33:47', 0),
(80, 10, 435, 'Los Angeles, CA', '2014-06-15 22:33:47', 0),
(80, 10, 434, 'Banuelos, Kid', '2014-06-15 22:33:47', 0),
(80, 10, 433, '267', '2014-06-15 22:33:47', 0),
(80, 9, 438, '', '2014-06-15 22:33:47', 0),
(80, 9, 437, '72', '2014-06-15 22:33:47', 0),
(80, 9, 436, '017 Raggidy Ann GR', '2014-06-15 22:33:47', 0),
(80, 9, 435, 'Victor, ID', '2014-06-15 22:33:47', 0),
(80, 9, 434, 'Nelson, Tyler', '2014-06-15 22:33:47', 0),
(80, 9, 433, '158', '2014-06-15 22:33:47', 0),
(80, 8, 438, '', '2014-06-15 22:33:47', 0),
(80, 8, 437, '78', '2014-06-15 22:33:47', 0),
(80, 8, 436, '93 Caddy Wagon GR', '2014-06-15 22:33:47', 0),
(80, 8, 435, 'Severance, CO', '2014-06-15 22:33:47', 0),
(80, 8, 434, 'Scales, Tyler', '2014-06-15 22:33:47', 0),
(80, 8, 433, '200', '2014-06-15 22:33:47', 0),
(80, 7, 438, '', '2014-06-15 22:33:47', 0),
(80, 7, 437, '80', '2014-06-15 22:33:47', 0),
(80, 7, 434, 'Gillespie IV, George R', '2014-06-15 22:33:47', 0),
(80, 7, 435, 'Placerville, CA', '2014-06-15 22:33:47', 0),
(80, 7, 436, '-308 Gypsy Soul GR', '2014-06-15 22:33:47', 0),
(80, 7, 433, '72', '2014-06-15 22:33:47', 0),
(80, 6, 438, '', '2014-06-15 22:33:47', 0),
(80, 6, 437, '66', '2014-06-15 22:33:47', 0),
(80, 6, 436, '902 Capone GR', '2014-06-15 22:33:47', 0),
(80, 6, 435, 'Carson City, NV', '2014-06-15 22:33:47', 0),
(80, 6, 434, 'Kiser, Cody', '2014-06-15 22:33:47', 0),
(80, 6, 433, '114', '2014-06-15 22:33:47', 0),
(80, 5, 438, '', '2014-06-15 22:33:47', 0),
(80, 5, 437, '72', '2014-06-15 22:33:47', 0),
(80, 5, 436, '812 Pound Cake GR', '2014-06-15 22:33:47', 0),
(80, 5, 435, 'Red Bluff, CA', '2014-06-15 22:33:47', 0),
(80, 5, 434, 'Brown, Zack', '2014-06-15 22:33:47', 0),
(80, 5, 433, '19', '2014-06-15 22:33:47', 0),
(80, 4, 438, '', '2014-06-15 22:33:47', 0),
(80, 4, 437, '85', '2014-06-15 22:33:47', 0),
(80, 4, 436, '013 Sourdough GR', '2014-06-15 22:33:47', 0),
(80, 4, 435, 'Livermore, CA', '2014-06-15 22:33:47', 0),
(81, 16, 443, '', '2014-06-15 23:21:57', 0),
(81, 16, 442, '', '2014-06-15 23:21:57', 0),
(81, 16, 441, '', '2014-06-15 23:21:57', 0),
(81, 16, 440, '', '2014-06-15 23:21:57', 0),
(81, 16, 439, '', '2014-06-15 23:21:57', 0),
(81, 15, 444, '', '2014-06-15 23:21:57', 0),
(81, 15, 443, '', '2014-06-15 23:21:57', 0),
(81, 15, 442, '', '2014-06-15 23:21:57', 0),
(81, 15, 441, '', '2014-06-15 23:21:57', 0),
(81, 15, 440, '', '2014-06-15 23:21:57', 0),
(81, 15, 439, '', '2014-06-15 23:21:57', 0),
(81, 14, 444, '', '2014-06-15 23:21:57', 0),
(81, 14, 443, '', '2014-06-15 23:21:57', 0),
(81, 14, 442, '', '2014-06-15 23:21:57', 0),
(81, 14, 441, '', '2014-06-15 23:21:57', 0),
(81, 14, 440, '', '2014-06-15 23:21:57', 0),
(81, 14, 439, '', '2014-06-15 23:21:57', 0),
(81, 13, 444, '', '2014-06-15 23:21:57', 0),
(81, 13, 443, '', '2014-06-15 23:21:57', 0),
(81, 13, 442, '', '2014-06-15 23:21:57', 0),
(81, 13, 441, '', '2014-06-15 23:21:57', 0),
(81, 13, 440, '', '2014-06-15 23:21:57', 0),
(81, 13, 439, '', '2014-06-15 23:21:57', 0),
(81, 12, 444, '', '2014-06-15 23:21:57', 0),
(81, 12, 443, '', '2014-06-15 23:21:57', 0),
(81, 12, 442, '', '2014-06-15 23:21:57', 0),
(81, 12, 441, '', '2014-06-15 23:21:57', 0),
(81, 12, 440, '', '2014-06-15 23:21:57', 0),
(81, 12, 439, '', '2014-06-15 23:21:57', 0),
(81, 11, 444, '', '2014-06-15 23:21:57', 0),
(81, 11, 443, '80', '2014-06-15 23:21:57', 0),
(81, 11, 441, 'Eagle Point, OR', '2014-06-15 23:21:57', 0),
(81, 11, 442, '460 Holy Hoppin Hell GR', '2014-06-15 23:21:57', 0),
(81, 11, 440, 'Bradshaw, Mert', '2014-06-15 23:21:57', 0),
(81, 11, 439, '15', '2014-06-15 23:21:57', 0),
(81, 10, 444, '', '2014-06-15 23:21:57', 0),
(81, 10, 443, '66', '2014-06-15 23:21:57', 0),
(81, 10, 442, '714 Roan Alley GR', '2014-06-15 23:21:57', 0),
(81, 10, 441, 'Ferndale, CA', '2014-06-15 23:21:57', 0),
(81, 10, 440, 'Bugenig, Ad', '2014-06-15 23:21:57', 0),
(81, 10, 439, '21', '2014-06-15 23:21:57', 0),
(81, 9, 444, '', '2014-06-15 23:21:57', 0),
(81, 9, 443, '71', '2014-06-15 23:21:57', 0),
(81, 9, 442, 'B11 Jarrett GR', '2014-06-15 23:21:57', 0),
(81, 9, 440, 'Filippini, Max', '2014-06-15 23:21:57', 0),
(81, 9, 441, 'Battle Mountain, NV', '2014-06-15 23:21:57', 0),
(82, 19, 448, '', '2014-06-16 00:00:28', 0),
(82, 19, 447, '', '2014-06-16 00:00:28', 0),
(82, 19, 446, '', '2014-06-16 00:00:28', 0),
(82, 19, 445, '', '2014-06-16 00:00:28', 0),
(82, 18, 449, '', '2014-06-16 00:00:28', 0),
(82, 18, 448, '', '2014-06-16 00:00:28', 0),
(82, 18, 447, '', '2014-06-16 00:00:28', 0),
(82, 18, 446, '', '2014-06-16 00:00:28', 0),
(82, 18, 445, '', '2014-06-16 00:00:28', 0),
(82, 17, 449, '', '2014-06-16 00:00:28', 0),
(82, 17, 448, '', '2014-06-16 00:00:28', 0),
(82, 17, 447, '', '2014-06-16 00:00:28', 0),
(82, 17, 446, '', '2014-06-16 00:00:28', 0),
(82, 17, 445, '', '2014-06-16 00:00:28', 0),
(82, 16, 449, '', '2014-06-16 00:00:28', 0),
(82, 16, 448, '', '2014-06-16 00:00:28', 0),
(82, 16, 447, '', '2014-06-16 00:00:28', 0),
(82, 16, 446, '', '2014-06-16 00:00:28', 0),
(82, 16, 445, '', '2014-06-16 00:00:28', 0),
(82, 15, 449, '', '2014-06-16 00:00:28', 0),
(82, 15, 448, '', '2014-06-16 00:00:28', 0),
(82, 15, 447, '', '2014-06-16 00:00:28', 0),
(82, 15, 446, '', '2014-06-16 00:00:28', 0),
(82, 15, 445, '', '2014-06-16 00:00:28', 0),
(82, 14, 447, 'Shandon, CA', '2014-06-16 00:00:28', 0),
(82, 14, 446, 'White, Clint', '2014-06-16 00:00:28', 0),
(82, 14, 445, '245', '2014-06-16 00:00:28', 0),
(82, 13, 448, '4.1', '2014-06-16 00:00:28', 0),
(82, 13, 447, 'Live Oak, CA', '2014-06-16 00:00:28', 0),
(82, 13, 446, 'Garner, Josh', '2014-06-16 00:00:28', 0),
(82, 12, 448, '11.7', '2014-06-16 00:00:28', 0),
(82, 13, 445, '70', '2014-06-16 00:00:28', 0),
(83, 18, 453, '', '2014-06-16 00:33:02', 0),
(83, 18, 452, '', '2014-06-16 00:33:02', 0),
(83, 18, 451, '', '2014-06-16 00:33:02', 0),
(83, 18, 450, '', '2014-06-16 00:33:02', 0),
(83, 17, 454, '', '2014-06-16 00:33:02', 0),
(83, 17, 453, '', '2014-06-16 00:33:02', 0),
(83, 17, 452, '', '2014-06-16 00:33:02', 0),
(83, 17, 451, '', '2014-06-16 00:33:02', 0),
(83, 17, 450, '', '2014-06-16 00:33:02', 0),
(83, 16, 454, '', '2014-06-16 00:33:02', 0),
(83, 16, 453, '', '2014-06-16 00:33:02', 0),
(83, 16, 452, '', '2014-06-16 00:33:02', 0),
(83, 16, 451, '', '2014-06-16 00:33:02', 0),
(83, 16, 450, '', '2014-06-16 00:33:02', 0),
(83, 15, 454, '', '2014-06-16 00:33:02', 0),
(83, 15, 453, '', '2014-06-16 00:33:02', 0),
(83, 15, 452, '', '2014-06-16 00:33:02', 0),
(83, 15, 451, '', '2014-06-16 00:33:02', 0),
(83, 15, 450, '', '2014-06-16 00:33:02', 0),
(83, 14, 454, '', '2014-06-16 00:33:02', 0),
(83, 14, 453, '', '2014-06-16 00:33:02', 0),
(83, 14, 452, '', '2014-06-16 00:33:02', 0),
(83, 14, 451, '', '2014-06-16 00:33:02', 0),
(83, 14, 450, '', '2014-06-16 00:33:02', 0),
(83, 13, 452, 'Hollister, CA', '2014-06-16 00:33:02', 0),
(83, 13, 451, 'Weaver, Katie', '2014-06-16 00:33:02', 0),
(83, 12, 451, 'Beardsley, Mendy', '2014-06-16 00:33:02', 0),
(83, 12, 452, 'Chico, CA', '2014-06-16 00:33:02', 0),
(83, 12, 453, '23.69', '2014-06-16 00:33:02', 0),
(84, 15, 457, '', '2014-06-15 22:55:46', 0),
(84, 15, 456, '', '2014-06-15 22:55:46', 0),
(84, 15, 455, '', '2014-06-15 22:55:46', 0),
(84, 14, 459, '', '2014-06-15 22:55:46', 0),
(84, 14, 458, '', '2014-06-15 22:55:46', 0),
(84, 14, 457, '', '2014-06-15 22:55:46', 0),
(84, 14, 456, '', '2014-06-15 22:55:46', 0),
(84, 14, 455, '', '2014-06-15 22:55:46', 0),
(84, 13, 459, '', '2014-06-15 22:55:46', 0),
(84, 13, 458, '', '2014-06-15 22:55:46', 0),
(84, 13, 457, '', '2014-06-15 22:55:46', 0),
(84, 13, 456, '', '2014-06-15 22:55:46', 0),
(84, 13, 455, '', '2014-06-15 22:55:46', 0),
(84, 12, 459, '', '2014-06-15 22:55:46', 0),
(84, 12, 458, '', '2014-06-15 22:55:46', 0),
(84, 12, 457, '', '2014-06-15 22:55:46', 0),
(84, 12, 456, '', '2014-06-15 22:55:46', 0),
(84, 12, 455, '', '2014-06-15 22:55:46', 0),
(84, 11, 459, '', '2014-06-15 22:55:46', 0),
(84, 11, 458, '', '2014-06-15 22:55:46', 0),
(84, 11, 457, '', '2014-06-15 22:55:46', 0),
(84, 11, 456, '', '2014-06-15 22:55:46', 0),
(84, 11, 455, '', '2014-06-15 22:55:46', 0),
(84, 10, 458, '20.2', '2014-06-15 22:55:46', 0),
(83, 13, 450, '243', '2014-06-16 00:33:02', 0),
(85, 17, 464, '', '2014-06-16 00:21:02', 0),
(85, 17, 463, '', '2014-06-16 00:21:02', 0),
(85, 17, 462, '', '2014-06-16 00:21:02', 0),
(85, 17, 461, '', '2014-06-16 00:21:02', 0),
(85, 17, 460, '', '2014-06-16 00:21:02', 0),
(85, 16, 464, '', '2014-06-16 00:21:02', 0),
(85, 16, 463, '', '2014-06-16 00:21:02', 0),
(85, 16, 462, '', '2014-06-16 00:21:02', 0),
(85, 16, 461, '', '2014-06-16 00:21:02', 0),
(85, 16, 460, '', '2014-06-16 00:21:02', 0),
(85, 15, 464, '', '2014-06-16 00:21:02', 0),
(85, 15, 463, '', '2014-06-16 00:21:02', 0),
(85, 15, 462, '', '2014-06-16 00:21:02', 0),
(85, 15, 461, '', '2014-06-16 00:21:02', 0),
(85, 15, 460, '', '2014-06-16 00:21:02', 0),
(85, 14, 464, '', '2014-06-16 00:21:02', 0),
(85, 14, 463, '', '2014-06-16 00:21:02', 0),
(85, 14, 462, '', '2014-06-16 00:21:02', 0),
(85, 14, 461, '', '2014-06-16 00:21:02', 0),
(85, 14, 460, '', '2014-06-16 00:21:02', 0),
(85, 13, 464, '', '2014-06-16 00:21:02', 0),
(85, 13, 463, '', '2014-06-16 00:21:02', 0),
(85, 13, 462, '', '2014-06-16 00:21:02', 0),
(85, 13, 461, '', '2014-06-16 00:21:02', 0),
(85, 13, 460, '', '2014-06-16 00:21:02', 0),
(85, 12, 464, '', '2014-06-16 00:21:02', 0),
(85, 12, 463, '0', '2014-06-16 00:21:02', 0),
(85, 12, 462, '191 Rodriguez Jr., Gus Livermore, CA', '2014-06-16 00:21:02', 0),
(85, 12, 460, '195', '2014-06-16 00:21:02', 0),
(85, 12, 461, 'Rosser, Levi Gridley, CA', '2014-06-16 00:21:02', 0),
(85, 11, 464, '', '2014-06-16 00:21:02', 0),
(85, 11, 463, '5.7', '2014-06-16 00:21:02', 0),
(85, 11, 460, '132', '2014-06-16 00:21:02', 0),
(85, 11, 461, 'Mahoney, Casey College Station, TX', '2014-06-16 00:21:02', 0),
(85, 11, 462, '192 Rodriguez, Jake Livermore, CA', '2014-06-16 00:21:02', 0),
(85, 10, 464, '', '2014-06-16 00:21:02', 0),
(85, 10, 463, '0', '2014-06-16 00:21:02', 0),
(85, 10, 462, '44 Cowden, Cody Atwater, CA', '2014-06-16 00:21:02', 0),
(85, 10, 460, '190', '2014-06-16 00:21:02', 0),
(85, 10, 461, 'Rodman, Walt Galt, CA', '2014-06-16 00:21:02', 0),
(85, 9, 464, '', '2014-06-16 00:21:02', 0),
(85, 9, 463, '0', '2014-06-16 00:21:02', 0),
(85, 9, 461, 'Ramont, Dave Hughson, CA', '2014-06-16 00:21:02', 0),
(85, 9, 462, '78 Guerrero, Anival Wilton, CA', '2014-06-16 00:21:02', 0),
(85, 8, 464, '', '2014-06-16 00:21:02', 0),
(85, 9, 460, '174', '2014-06-16 00:21:02', 0),
(85, 8, 463, '5.4', '2014-06-16 00:21:02', 0),
(88, 4, 477, '4', '2014-06-19 19:38:32', 0),
(88, 3, 478, 'dad', '2014-06-19 19:38:32', 0),
(88, 3, 477, '3', '2014-06-19 19:38:32', 0),
(86, 21, 470, '', '2014-06-16 01:07:13', 0),
(86, 21, 469, '', '2014-06-16 01:07:13', 0),
(86, 21, 468, '', '2014-06-16 01:07:13', 0),
(86, 21, 467, '', '2014-06-16 01:07:13', 0),
(86, 21, 466, '', '2014-06-16 01:07:13', 0),
(86, 21, 465, '', '2014-06-16 01:07:13', 0),
(86, 20, 470, '', '2014-06-16 01:07:13', 0),
(86, 20, 469, '', '2014-06-16 01:07:13', 0),
(86, 20, 468, '', '2014-06-16 01:07:13', 0),
(86, 20, 467, '', '2014-06-16 01:07:13', 0),
(86, 20, 466, '', '2014-06-16 01:07:13', 0),
(86, 20, 465, '', '2014-06-16 01:07:13', 0),
(86, 19, 470, '', '2014-06-16 01:07:13', 0),
(86, 19, 469, '', '2014-06-16 01:07:13', 0),
(86, 19, 468, '', '2014-06-16 01:07:13', 0),
(86, 19, 467, '', '2014-06-16 01:07:13', 0),
(86, 19, 466, '', '2014-06-16 01:07:13', 0),
(86, 19, 465, '', '2014-06-16 01:07:13', 0),
(86, 18, 470, '', '2014-06-16 01:07:13', 0),
(86, 18, 469, '', '2014-06-16 01:07:13', 0),
(86, 18, 468, '', '2014-06-16 01:07:13', 0),
(86, 18, 467, '', '2014-06-16 01:07:13', 0),
(86, 18, 466, '', '2014-06-16 01:07:13', 0),
(86, 18, 465, '', '2014-06-16 01:07:13', 0),
(86, 17, 470, '', '2014-06-16 01:07:13', 0),
(86, 17, 469, '', '2014-06-16 01:07:13', 0),
(86, 17, 468, '', '2014-06-16 01:07:13', 0),
(86, 17, 467, '', '2014-06-16 01:07:13', 0),
(86, 17, 466, '', '2014-06-16 01:07:13', 0),
(86, 17, 465, '', '2014-06-16 01:07:13', 0),
(86, 16, 470, '', '2014-06-16 01:07:13', 0),
(86, 16, 469, '0', '2014-06-16 01:07:13', 0),
(86, 16, 468, '+909 Dirty Macy GR', '2014-06-16 01:07:13', 0),
(86, 16, 467, 'Newark, CA', '2014-06-16 01:07:13', 0),
(86, 16, 466, 'Powell, Matthew', '2014-06-16 01:07:13', 0),
(86, 16, 465, '169', '2014-06-16 01:07:13', 0),
(86, 15, 470, '', '2014-06-16 01:07:13', 0),
(86, 15, 469, '0', '2014-06-16 01:07:13', 0),
(86, 15, 468, '915 Basket Case GR', '2014-06-16 01:07:13', 0),
(86, 15, 467, 'Bakersfield, CA', '2014-06-16 01:07:13', 0),
(86, 15, 466, 'Greynolds, Walker', '2014-06-16 01:07:13', 0),
(86, 15, 465, '77', '2014-06-16 01:07:13', 0),
(86, 14, 470, '', '2014-06-16 01:07:13', 0),
(86, 14, 469, '0', '2014-06-16 01:07:13', 0),
(86, 14, 468, '901  GR', '2014-06-16 01:07:13', 0),
(86, 14, 467, 'Santa Maria, CA', '2014-06-16 01:07:13', 0),
(86, 14, 465, '218', '2014-06-16 01:07:13', 0),
(86, 14, 466, 'Stoneburner, D.J.', '2014-06-16 01:07:13', 0),
(86, 13, 470, '', '2014-06-16 01:07:13', 0),
(86, 13, 469, '0', '2014-06-16 01:07:13', 0),
(86, 13, 468, '912 Gangster of Love GR', '2014-06-16 01:07:13', 0),
(86, 13, 467, 'Huntington, UT', '2014-06-16 01:07:13', 0),
(86, 13, 466, 'Sherman, Chase', '2014-06-16 01:07:13', 0),
(86, 13, 465, '206', '2014-06-16 01:07:13', 0),
(86, 12, 470, '', '2014-06-16 01:07:13', 0),
(86, 12, 469, '78', '2014-06-16 01:07:13', 0),
(86, 12, 468, '910 Golden Rule GR', '2014-06-16 01:07:13', 0),
(86, 12, 467, 'Herriman, UT', '2014-06-16 01:07:13', 0),
(86, 12, 466, 'Murphy, Sonny', '2014-06-16 01:07:13', 0),
(86, 12, 465, '156', '2014-06-16 01:07:13', 0),
(86, 11, 470, '', '2014-06-16 01:07:13', 0),
(86, 11, 469, '0', '2014-06-16 01:07:13', 0),
(86, 11, 468, '908 Cowboy Justice GR', '2014-06-16 01:07:13', 0),
(86, 11, 467, 'Newman, CA', '2014-06-16 01:07:13', 0),
(86, 11, 466, 'Chamberlain, Joseph', '2014-06-16 01:07:13', 0),
(80, 4, 434, 'Athan, Teddy', '2014-06-15 22:33:47', 0),
(80, 4, 433, '5', '2014-06-15 22:33:47', 0),
(80, 3, 438, '', '2014-06-15 22:33:47', 0),
(80, 3, 437, '75', '2014-06-15 22:33:47', 0),
(80, 3, 436, '913  GR', '2014-06-15 22:33:47', 0),
(80, 3, 435, 'Bradley, CA', '2014-06-15 22:33:47', 0),
(80, 3, 434, 'Thompson, Tyson', '2014-06-15 22:33:47', 0),
(80, 3, 433, '221', '2014-06-15 22:33:47', 0),
(80, 2, 438, '', '2014-06-15 22:33:47', 0),
(80, 2, 437, 'Notified Turn Out', '2014-06-15 22:33:47', 0),
(80, 2, 436, '705 Road Rash GR', '2014-06-15 22:33:47', 0),
(80, 2, 435, 'Cheney, WA', '2014-06-15 22:33:47', 0),
(80, 2, 434, 'Gray, Ryan', '2014-06-15 22:33:47', 0),
(80, 2, 433, '76', '2014-06-15 22:33:47', 0),
(80, 1, 438, '', '2014-06-15 22:33:47', 0),
(80, 1, 437, '78', '2014-06-15 22:33:47', 0),
(80, 1, 436, '96 Bandwagon GR', '2014-06-15 22:33:47', 0),
(80, 1, 435, 'Culver, OR', '2014-06-15 22:33:47', 0),
(80, 1, 434, 'Mote, Bobby', '2014-06-15 22:33:47', 0),
(80, 1, 433, '152', '2014-06-15 22:33:47', 0),
(84, 10, 457, 'Oakdale, CA', '2014-06-15 22:55:46', 0),
(84, 10, 456, 'Clymo, John', '2014-06-15 22:55:46', 0),
(84, 10, 455, '37', '2014-06-15 22:55:46', 0),
(84, 9, 458, '11.1', '2014-06-15 22:55:46', 0),
(84, 9, 457, 'Galt, CA', '2014-06-15 22:55:46', 0),
(84, 9, 456, 'Collins, Cody', '2014-06-15 22:55:46', 0),
(84, 9, 455, '38', '2014-06-15 22:55:46', 0),
(84, 8, 458, '9.9', '2014-06-15 22:55:46', 0),
(84, 8, 457, 'Stillwater, OK', '2014-06-15 22:55:46', 0),
(84, 8, 456, 'Creager, Trent', '2014-06-15 22:55:46', 0),
(84, 8, 455, '46', '2014-06-15 22:55:46', 0),
(84, 7, 458, '0', '2014-06-15 22:55:46', 0),
(84, 7, 457, 'San Luis Obispo, CA', '2014-06-15 22:55:46', 0),
(84, 7, 456, 'Miller, K.C.', '2014-06-15 22:55:46', 0),
(84, 7, 455, '142', '2014-06-15 22:55:46', 0),
(84, 6, 458, '10.7', '2014-06-15 22:55:46', 0),
(84, 6, 457, 'Seymour, TX', '2014-06-15 22:55:46', 0),
(84, 6, 456, 'Gray, Adam', '2014-06-15 22:55:46', 0),
(84, 6, 455, '74', '2014-06-15 22:55:46', 0),
(84, 5, 458, '0', '2014-06-15 22:55:46', 0),
(84, 5, 457, 'Chualar, CA', '2014-06-15 22:55:46', 0),
(84, 5, 456, 'Hoskins, Doyle', '2014-06-15 22:55:46', 0),
(84, 5, 455, '97', '2014-06-15 22:55:46', 0),
(84, 4, 458, '13.9', '2014-06-15 22:55:46', 0),
(84, 4, 457, 'Chico, CA', '2014-06-15 22:55:46', 0),
(84, 4, 456, 'Beardsley, Jesse', '2014-06-15 22:55:46', 0),
(84, 4, 455, '6', '2014-06-15 22:55:46', 0),
(84, 3, 458, '24.0', '2014-06-15 22:55:46', 0),
(84, 3, 457, 'Aromas, CA', '2014-06-15 22:55:46', 0),
(84, 3, 456, 'Brawner, Shane', '2014-06-15 22:55:46', 0),
(84, 3, 455, '17', '2014-06-15 22:55:46', 0),
(84, 2, 459, 'Calf kicked free before the 6 second inspection', '2014-06-15 22:55:46', 0),
(84, 2, 458, '0', '2014-06-15 22:55:46', 0),
(84, 2, 457, 'Phelan, CA', '2014-06-15 22:55:46', 0),
(84, 2, 456, 'Ochoa, Korii', '2014-06-15 22:55:46', 0),
(84, 2, 455, '161', '2014-06-15 22:55:46', 0),
(84, 1, 457, 'Atascadero, CA', '2014-06-15 22:55:46', 0),
(84, 1, 458, '9.2', '2014-06-15 22:55:46', 0),
(84, 1, 456, 'Ortiz, Travis', '2014-06-15 22:55:46', 0),
(84, 1, 455, '163', '2014-06-15 22:55:46', 0),
(84, 15, 458, '', '2014-06-15 22:55:46', 0),
(84, 15, 459, '', '2014-06-15 22:55:46', 0),
(81, 9, 439, '65', '2014-06-15 23:21:57', 0),
(81, 8, 444, '', '2014-06-15 23:21:57', 0),
(81, 8, 443, 'Notified Turn Out', '2014-06-15 23:21:57', 0),
(81, 8, 442, 'L25 Sherlock GR', '2014-06-15 23:21:57', 0),
(81, 8, 441, 'Santaquin, UT', '2014-06-15 23:21:57', 0),
(81, 8, 440, 'Bennett, Chase', '2014-06-15 23:21:57', 0),
(81, 8, 439, '11', '2014-06-15 23:21:57', 0),
(81, 7, 444, '', '2014-06-15 23:21:57', 0),
(81, 7, 442, '136 Billy the Kid GR', '2014-06-15 23:21:57', 0),
(81, 7, 443, '0', '2014-06-15 23:21:57', 0),
(81, 7, 441, 'Casper, WY', '2014-06-15 23:21:57', 0),
(81, 7, 440, 'Redig, John', '2014-06-15 23:21:57', 0),
(81, 7, 439, '177', '2014-06-15 23:21:57', 0),
(81, 6, 444, '', '2014-06-15 23:21:57', 0),
(81, 6, 443, '81', '2014-06-15 23:21:57', 0),
(81, 6, 442, '412 Cow Camp GR', '2014-06-15 23:21:57', 0),
(81, 6, 441, 'Morgan, UT', '2014-06-15 23:21:57', 0),
(81, 6, 440, 'Berry, Levi', '2014-06-15 23:21:57', 0),
(81, 6, 439, '12', '2014-06-15 23:21:57', 0),
(81, 5, 444, '', '2014-06-15 23:21:57', 0),
(81, 5, 443, '68', '2014-06-15 23:21:57', 0),
(81, 5, 441, 'Dubbo New South Wale,', '2014-06-15 23:21:57', 0),
(81, 5, 442, '308 Frontier GR', '2014-06-15 23:21:57', 0),
(81, 5, 440, 'Steiger, Andrew', '2014-06-15 23:21:57', 0),
(81, 5, 439, '216', '2014-06-15 23:21:57', 0),
(81, 4, 444, '', '2014-06-15 23:21:57', 0),
(81, 4, 443, '68', '2014-06-15 23:21:57', 0),
(81, 4, 442, '857 Flat Head GR', '2014-06-15 23:21:57', 0),
(81, 4, 441, 'Woody, CA', '2014-06-15 23:21:57', 0),
(81, 4, 440, 'Real, Joaquin', '2014-06-15 23:21:57', 0),
(81, 4, 439, '176', '2014-06-15 23:21:57', 0),
(81, 3, 444, '', '2014-06-15 23:21:57', 0),
(81, 3, 443, '73', '2014-06-15 23:21:57', 0),
(81, 3, 442, '923  GR', '2014-06-15 23:21:57', 0),
(81, 3, 441, 'Snyder, TX', '2014-06-15 23:21:57', 0),
(81, 3, 440, 'Spreadborough, Sam', '2014-06-15 23:21:57', 0),
(81, 3, 439, '215', '2014-06-15 23:21:57', 0),
(81, 2, 444, '', '2014-06-15 23:21:57', 0),
(81, 2, 443, '76', '2014-06-15 23:21:57', 0),
(81, 2, 442, '57 Goliath GR', '2014-06-15 23:21:57', 0),
(81, 2, 441, 'Weatherford, TX', '2014-06-15 23:21:57', 0),
(81, 2, 440, 'Harter, Bradley', '2014-06-15 23:21:57', 0),
(81, 2, 439, '89', '2014-06-15 23:21:57', 0),
(81, 1, 444, '', '2014-06-15 23:21:57', 0),
(81, 1, 443, '75', '2014-06-15 23:21:57', 0),
(81, 1, 442, '-32 Crooked Creek GR', '2014-06-15 23:21:57', 0),
(81, 1, 441, 'Livermore, CA', '2014-06-15 23:21:57', 0),
(81, 1, 440, 'Laduke, Nick', '2014-06-15 23:21:57', 0),
(81, 1, 439, '118', '2014-06-15 23:21:57', 0),
(81, 16, 444, '', '2014-06-15 23:21:57', 0),
(82, 12, 447, 'Loyalton, CA', '2014-06-16 00:00:28', 0),
(82, 12, 446, 'York, Riley', '2014-06-16 00:00:28', 0),
(82, 12, 445, '259', '2014-06-16 00:00:28', 0),
(82, 11, 448, '0', '2014-06-16 00:00:28', 0),
(82, 11, 447, 'Red Bluff, CA', '2014-06-16 00:00:28', 0),
(82, 11, 445, '18', '2014-06-16 00:00:28', 0),
(82, 11, 446, 'Brown, Danny', '2014-06-16 00:00:28', 0),
(82, 10, 448, '0', '2014-06-16 00:00:28', 0),
(82, 10, 447, 'Hollister, CA', '2014-06-16 00:00:28', 0),
(82, 10, 446, 'Weaver, Chad', '2014-06-16 00:00:28', 0),
(82, 9, 448, '14.6', '2014-06-16 00:00:28', 0),
(82, 10, 445, '242', '2014-06-16 00:00:28', 0),
(82, 9, 447, 'Castro Valley, CA', '2014-06-16 00:00:28', 0),
(82, 9, 446, 'Lemmons, Ory James', '2014-06-16 00:00:28', 0),
(82, 9, 445, '126', '2014-06-16 00:00:28', 0),
(82, 8, 448, '0', '2014-06-16 00:00:28', 0),
(82, 8, 447, 'Bakersfield, CA', '2014-06-16 00:00:28', 0),
(82, 8, 446, 'Toland, Richard', '2014-06-16 00:00:28', 0),
(82, 8, 445, '223', '2014-06-16 00:00:28', 0),
(82, 7, 448, '0', '2014-06-16 00:00:28', 0),
(82, 7, 447, 'Bakersfield, CA', '2014-06-16 00:00:28', 0),
(82, 7, 446, 'Reneau, Bobby', '2014-06-16 00:00:28', 0),
(82, 7, 445, '180', '2014-06-16 00:00:28', 0),
(82, 6, 448, '0', '2014-06-16 00:00:28', 0),
(82, 6, 447, 'Los Alamos, CA', '2014-06-16 00:00:28', 0),
(82, 6, 446, 'Branquinho, Luke', '2014-06-16 00:00:28', 0),
(82, 6, 445, '16', '2014-06-16 00:00:28', 0),
(82, 5, 448, '6.3', '2014-06-16 00:00:28', 0),
(82, 5, 447, 'Templeton, CA', '2014-06-16 00:00:28', 0),
(82, 5, 446, 'Jones, Blaine', '2014-06-16 00:00:28', 0),
(82, 5, 445, '104', '2014-06-16 00:00:28', 0),
(82, 4, 448, '0', '2014-06-16 00:00:28', 0),
(82, 4, 447, 'Coyote, CA', '2014-06-16 00:00:28', 0),
(82, 4, 446, 'Browning, Dane', '2014-06-16 00:00:28', 0),
(82, 4, 445, '20', '2014-06-16 00:00:28', 0),
(82, 3, 448, '15.4', '2014-06-16 00:00:28', 0),
(82, 3, 447, 'Chowchilla, CA', '2014-06-16 00:00:28', 0),
(82, 3, 446, 'Kennedy, Rhett', '2014-06-16 00:00:28', 0),
(82, 3, 445, '111', '2014-06-16 00:00:28', 0),
(82, 2, 448, '5.8', '2014-06-16 00:00:28', 0),
(82, 2, 447, 'Marysville, CA', '2014-06-16 00:00:28', 0),
(82, 2, 446, 'McGilchrist, Brad', '2014-06-16 00:00:28', 0),
(82, 1, 448, '4.9', '2014-06-16 00:00:28', 0),
(82, 2, 445, '139', '2014-06-16 00:00:28', 0),
(82, 1, 447, 'Sacramento, CA', '2014-06-16 00:00:28', 0),
(82, 1, 446, 'Hare, Jaed', '2014-06-16 00:00:28', 0),
(82, 1, 445, '86', '2014-06-16 00:00:28', 0),
(82, 19, 449, '', '2014-06-16 00:00:28', 0),
(85, 8, 461, 'White, Clint Shandon, CA', '2014-06-16 00:21:02', 0),
(85, 8, 462, '227 Twisselman, Caleb Santa Margarita, CA', '2014-06-16 00:21:02', 0),
(85, 8, 460, '245', '2014-06-16 00:21:02', 0),
(85, 7, 464, '', '2014-06-16 00:21:02', 0),
(85, 7, 463, '16.6', '2014-06-16 00:21:02', 0),
(85, 7, 462, '166 Pitassi, JP Oakdale, CA', '2014-06-16 00:21:02', 0),
(85, 7, 461, 'Gulley, Scott Oakdale, CA', '2014-06-16 00:21:02', 0),
(85, 7, 460, '79', '2014-06-16 00:21:02', 0),
(85, 6, 464, '', '2014-06-16 00:21:02', 0),
(85, 6, 463, '0', '2014-06-16 00:21:02', 0),
(85, 6, 462, '261 Zuniga, Tommy Centerville, TX', '2014-06-16 00:21:02', 0),
(85, 6, 460, '225', '2014-06-16 00:21:02', 0),
(85, 6, 461, 'Tryan, Brady Huntley, MT', '2014-06-16 00:21:02', 0),
(85, 5, 460, '220', '2014-06-16 00:21:02', 0),
(85, 5, 464, '', '2014-06-16 00:21:02', 0),
(85, 5, 463, '0', '2014-06-16 00:21:02', 0),
(85, 5, 462, '123 Larson, Jeffrey Turlock, CA', '2014-06-16 00:21:02', 0),
(85, 5, 461, 'Teixeira, Blake Tres Pinos, CA', '2014-06-16 00:21:02', 0),
(85, 4, 464, '', '2014-06-16 00:21:02', 0),
(85, 4, 463, '11.5', '2014-06-16 00:21:02', 0),
(85, 4, 462, '43 Costa, Matt Turlock, CA', '2014-06-16 00:21:02', 0),
(85, 4, 461, 'Hoskins, Doyle Chualar, CA', '2014-06-16 00:21:02', 0),
(85, 4, 460, '97', '2014-06-16 00:21:02', 0),
(85, 3, 464, '', '2014-06-16 00:21:02', 0),
(85, 3, 463, '5.2', '2014-06-16 00:21:02', 0),
(85, 3, 462, '131 Luther, Tristen Bakersfield, CA', '2014-06-16 00:21:02', 0),
(85, 3, 461, 'Smith, Hayes White City, OR', '2014-06-16 00:21:02', 0),
(85, 3, 460, '210', '2014-06-16 00:21:02', 0),
(85, 2, 463, '5.3', '2014-06-16 00:21:02', 0),
(85, 2, 464, '', '2014-06-16 00:21:02', 0),
(85, 2, 462, '165 Petska, Monty Joe Turlock, CA', '2014-06-16 00:21:02', 0),
(85, 2, 460, '182', '2014-06-16 00:21:02', 0),
(85, 2, 461, 'Richards, Tom Humboldt, AZ', '2014-06-16 00:21:02', 0),
(85, 1, 464, '', '2014-06-16 00:21:02', 0),
(85, 1, 463, '0', '2014-06-16 00:21:02', 0),
(85, 1, 462, '48 Darst, Casey Gerber, CA', '2014-06-16 00:21:02', 0),
(85, 1, 461, 'Beardsley, Jesse Chico, CA', '2014-06-16 00:21:02', 0),
(85, 1, 460, '6', '2014-06-16 00:21:02', 0),
(83, 12, 450, '7', '2014-06-16 00:33:02', 0),
(83, 11, 453, '22.91', '2014-06-16 00:33:02', 0),
(83, 11, 452, 'Cheney, WA', '2014-06-16 00:33:02', 0),
(83, 11, 451, 'Capper, Pamela', '2014-06-16 00:33:02', 0),
(83, 11, 450, '29', '2014-06-16 00:33:02', 0),
(83, 10, 453, '17.58', '2014-06-16 00:33:02', 0),
(83, 10, 452, 'Hesperia, CA', '2014-06-16 00:33:02', 0),
(83, 10, 451, 'Vick, Linda', '2014-06-16 00:33:02', 0),
(83, 10, 450, '236', '2014-06-16 00:33:02', 0),
(83, 9, 453, '18.06', '2014-06-16 00:33:02', 0),
(83, 9, 452, 'Parkfield, CA', '2014-06-16 00:33:02', 0),
(83, 9, 451, 'Varian, Katy', '2014-06-16 00:33:02', 0),
(83, 9, 450, '231', '2014-06-16 00:33:02', 0),
(83, 8, 453, '17.62', '2014-06-16 00:33:02', 0),
(83, 8, 452, 'Weatherford, OK', '2014-06-16 00:33:02', 0),
(83, 8, 451, 'Gray, Callie', '2014-06-16 00:33:02', 0),
(83, 8, 450, '75', '2014-06-16 00:33:02', 0),
(83, 7, 453, 'Non Notified Turn Out', '2014-06-16 00:33:02', 0),
(83, 7, 452, 'Murrieta, CA', '2014-06-16 00:33:02', 0),
(83, 7, 451, 'McKenzie, Christina', '2014-06-16 00:33:02', 0),
(83, 7, 450, '141', '2014-06-16 00:33:02', 0),
(83, 6, 453, 'Notified Turn Out', '2014-06-16 00:33:02', 0),
(83, 6, 452, 'Brawley, CA', '2014-06-16 00:33:02', 0),
(83, 6, 451, 'Hannon, Jacque', '2014-06-16 00:33:02', 0),
(83, 6, 450, '84', '2014-06-16 00:33:02', 0),
(83, 5, 453, 'Vet Release', '2014-06-16 00:33:02', 0),
(83, 5, 452, 'Kingman, AZ', '2014-06-16 00:33:02', 0),
(83, 5, 451, 'Lautaret, Dolli', '2014-06-16 00:33:02', 0),
(83, 5, 450, '125', '2014-06-16 00:33:02', 0),
(83, 4, 453, 'Doctor Release', '2014-06-16 00:33:02', 0),
(83, 4, 452, 'Kingman, AZ', '2014-06-16 00:33:02', 0),
(83, 4, 451, 'Lautaret-Jordan, Jolee', '2014-06-16 00:33:02', 0),
(83, 3, 453, '18.29', '2014-06-16 00:33:02', 0),
(83, 4, 450, '124', '2014-06-16 00:33:02', 0),
(83, 3, 452, 'Petaluma, CA', '2014-06-16 00:33:02', 0),
(83, 3, 451, 'Dehner, Stephanie', '2014-06-16 00:33:02', 0),
(83, 3, 450, '51', '2014-06-16 00:33:02', 0),
(83, 2, 453, '18.29', '2014-06-16 00:33:02', 0),
(83, 2, 452, 'Galt, CA', '2014-06-16 00:33:02', 0),
(83, 2, 451, 'Freitas, Stacey', '2014-06-16 00:33:02', 0),
(83, 1, 453, '17.33', '2014-06-16 00:33:02', 0),
(83, 2, 450, '69', '2014-06-16 00:33:02', 0),
(83, 1, 452, 'Washoe Valley, NV', '2014-06-16 00:33:02', 0),
(83, 1, 451, 'Primm, Rachel', '2014-06-16 00:33:02', 0),
(83, 1, 450, '171', '2014-06-16 00:33:02', 0),
(83, 18, 454, '', '2014-06-16 00:33:02', 0),
(86, 11, 465, '33', '2014-06-16 01:07:13', 0),
(86, 10, 470, '', '2014-06-16 01:07:13', 0),
(86, 10, 469, '0', '2014-06-16 01:07:13', 0),
(86, 10, 468, '950  GR', '2014-06-16 01:07:13', 0),
(86, 10, 467, 'Oakdale, CA', '2014-06-16 01:07:13', 0),
(86, 10, 466, 'Hamby, Jason', '2014-06-16 01:07:13', 0),
(86, 10, 465, '81', '2014-06-16 01:07:13', 0),
(86, 9, 470, '', '2014-06-16 01:07:13', 0),
(86, 9, 469, '80', '2014-06-16 01:07:13', 0),
(86, 9, 468, '+911 Silver Tongue Devil GR', '2014-06-16 01:07:13', 0),
(86, 9, 467, 'Payson, UT', '2014-06-16 01:07:13', 0),
(86, 9, 466, 'Woolsey, Steve', '2014-06-16 01:07:13', 0),
(86, 9, 465, '252', '2014-06-16 01:07:13', 0),
(86, 8, 470, '', '2014-06-16 01:07:13', 0),
(86, 8, 469, '0', '2014-06-16 01:07:13', 0),
(86, 8, 468, '939  GR', '2014-06-16 01:07:13', 0),
(86, 8, 467, 'Spanish fork, UT', '2014-06-16 01:07:13', 0),
(86, 8, 466, 'Roundy, Chris', '2014-06-16 01:07:13', 0),
(86, 8, 465, '196', '2014-06-16 01:07:13', 0),
(86, 7, 470, '', '2014-06-16 01:07:13', 0),
(86, 7, 469, 'Visible Injury', '2014-06-16 01:07:13', 0),
(86, 7, 468, 'S917 Fire Fox GR', '2014-06-16 01:07:13', 0),
(86, 7, 467, 'Santaquin, UT', '2014-06-16 01:07:13', 0),
(86, 7, 466, 'Silcox, Wesley', '2014-06-16 01:07:13', 0),
(86, 7, 465, '208', '2014-06-16 01:07:13', 0),
(86, 6, 470, '', '2014-06-16 01:07:13', 0),
(86, 6, 469, '0', '2014-06-16 01:07:13', 0),
(86, 6, 468, '911 Mr Smooth GR', '2014-06-16 01:07:13', 0),
(86, 6, 467, 'Redding, CA', '2014-06-16 01:07:13', 0),
(86, 6, 466, 'Spears, Jordan Wacey', '2014-06-16 01:07:13', 0),
(86, 6, 465, '214', '2014-06-16 01:07:13', 0),
(86, 5, 470, '', '2014-06-16 01:07:13', 0),
(86, 5, 469, '0', '2014-06-16 01:07:13', 0),
(86, 5, 468, '933  GR', '2014-06-16 01:07:13', 0),
(86, 5, 467, 'Escalon, CA', '2014-06-16 01:07:13', 0),
(86, 5, 466, 'Vick, Dylan', '2014-06-16 01:07:13', 0),
(86, 5, 465, '235', '2014-06-16 01:07:13', 0),
(86, 4, 470, '', '2014-06-16 01:07:13', 0),
(86, 4, 469, '0', '2014-06-16 01:07:13', 0),
(86, 4, 468, '+930 Thug Life GR', '2014-06-16 01:07:13', 0),
(86, 4, 467, 'Summerville, OR', '2014-06-16 01:07:13', 0),
(86, 4, 466, 'Campbell, Cody', '2014-06-16 01:07:13', 0),
(86, 4, 465, '28', '2014-06-16 01:07:13', 0),
(86, 3, 470, '', '2014-06-16 01:07:13', 0),
(86, 3, 469, '0', '2014-06-16 01:07:13', 0),
(86, 3, 468, '918 Loaded Deck GR', '2014-06-16 01:07:13', 0),
(86, 3, 467, 'Nephi, UT', '2014-06-16 01:07:13', 0),
(86, 3, 466, 'Anderson, Justin', '2014-06-16 01:07:13', 0),
(86, 3, 465, '2', '2014-06-16 01:07:13', 0),
(86, 2, 470, '', '2014-06-16 01:07:13', 0),
(86, 2, 469, '0', '2014-06-16 01:07:13', 0),
(86, 2, 468, '942  GR', '2014-06-16 01:07:13', 0),
(86, 2, 467, 'Ballard, UT', '2014-06-16 01:07:13', 0),
(86, 2, 466, 'Duncan, Dalan', '2014-06-16 01:07:13', 0),
(86, 2, 465, '60', '2014-06-16 01:07:13', 0),
(86, 1, 470, '', '2014-06-16 01:07:13', 0),
(86, 1, 469, '0', '2014-06-16 01:07:13', 0),
(86, 1, 467, 'Chico, CA', '2014-06-16 01:07:13', 0),
(86, 1, 468, '928 Victory Dance GR', '2014-06-16 01:07:13', 0),
(86, 1, 466, 'Hamre, A.J.', '2014-06-16 01:07:13', 0),
(86, 1, 465, '82', '2014-06-16 01:07:13', 0),
(88, 2, 479, 'dgagea', '2014-06-19 19:38:32', 0),
(88, 2, 478, 'ada', '2014-06-19 19:38:32', 0),
(88, 2, 477, '2', '2014-06-19 19:38:32', 0),
(88, 1, 478, 'dad', '2014-06-19 19:38:32', 0),
(88, 1, 477, '1', '2014-06-19 19:38:32', 0),
(88, 4, 478, 'da', '2014-06-19 19:38:32', 0),
(88, 5, 477, '5', '2014-06-19 19:38:32', 0),
(90, 4, 492, 'd', '2014-06-19 19:38:46', 0),
(90, 4, 491, 'd', '2014-06-19 19:38:46', 0),
(90, 4, 489, 'd', '2014-06-19 19:38:46', 0),
(90, 3, 490, 'd', '2014-06-19 19:38:46', 0),
(90, 3, 489, 'd', '2014-06-19 19:38:46', 0),
(90, 2, 490, 'd', '2014-06-19 19:38:46', 0),
(90, 2, 489, 'd', '2014-06-19 19:38:46', 0),
(90, 1, 490, 'd', '2014-06-19 19:38:46', 0),
(90, 1, 489, 'd', '2014-06-19 19:38:46', 0),
(90, 7, 491, 'd', '2014-06-19 19:38:46', 0),
(96, 2, 524, 'x', '2014-06-19 19:39:03', 0),
(96, 1, 525, 'x', '2014-06-19 19:39:03', 0),
(96, 1, 522, 's', '2014-06-19 19:39:03', 0),
(96, 3, 523, 'x', '2014-06-19 19:39:03', 0);

-- --------------------------------------------------------

--
-- Table structure for table `unknownapp_bmlivestats_stats_meta`
--

CREATE TABLE IF NOT EXISTS `unknownapp_bmlivestats_stats_meta` (
  `stats_meta_id` int(11) NOT NULL AUTO_INCREMENT,
  `perf_event_id` int(11) NOT NULL,
  `template_id` int(11) NOT NULL,
  PRIMARY KEY (`stats_meta_id`)
) ENGINE=MyISAM  DEFAULT CHARSET=utf8 AUTO_INCREMENT=579 ;

--
-- Dumping data for table `unknownapp_bmlivestats_stats_meta`
--

INSERT INTO `unknownapp_bmlivestats_stats_meta` (`stats_meta_id`, `perf_event_id`, `template_id`) VALUES
(1, 1, 1),
(2, 1, 2),
(3, 1, 3),
(4, 1, 4),
(5, 1, 5),
(6, 1, 6),
(7, 2, 7),
(8, 2, 8),
(9, 2, 9),
(10, 2, 10),
(11, 2, 11),
(12, 2, 12),
(13, 3, 13),
(14, 3, 14),
(15, 3, 15),
(16, 3, 16),
(17, 3, 17),
(18, 4, 18),
(19, 4, 19),
(20, 4, 20),
(21, 4, 21),
(22, 4, 22),
(23, 5, 23),
(24, 5, 24),
(25, 5, 25),
(26, 5, 26),
(27, 5, 27),
(28, 6, 28),
(29, 6, 29),
(30, 6, 30),
(31, 6, 31),
(32, 6, 32),
(33, 7, 1),
(34, 7, 2),
(35, 7, 3),
(36, 7, 4),
(37, 7, 5),
(38, 7, 6),
(39, 8, 7),
(40, 8, 8),
(41, 8, 9),
(42, 8, 10),
(43, 8, 11),
(44, 8, 12),
(45, 9, 33),
(46, 9, 34),
(47, 9, 35),
(48, 9, 36),
(49, 9, 37),
(50, 9, 38),
(51, 10, 33),
(52, 10, 34),
(53, 10, 35),
(54, 10, 36),
(55, 10, 37),
(56, 10, 38),
(57, 11, 1),
(58, 11, 2),
(59, 11, 3),
(60, 11, 4),
(61, 11, 5),
(62, 11, 6),
(63, 12, 7),
(64, 12, 8),
(65, 12, 9),
(66, 12, 10),
(67, 12, 11),
(68, 12, 12),
(69, 13, 13),
(70, 13, 14),
(71, 13, 15),
(72, 13, 16),
(73, 13, 17),
(74, 14, 1),
(75, 14, 2),
(76, 14, 3),
(77, 14, 4),
(78, 14, 5),
(79, 14, 6),
(80, 15, 13),
(81, 15, 14),
(82, 15, 15),
(83, 15, 16),
(84, 15, 17),
(85, 16, 1),
(86, 16, 2),
(87, 16, 3),
(88, 16, 4),
(89, 16, 5),
(90, 16, 6),
(91, 17, 7),
(92, 17, 8),
(93, 17, 9),
(94, 17, 10),
(95, 17, 11),
(96, 17, 12),
(97, 18, 13),
(98, 18, 14),
(99, 18, 15),
(100, 18, 16),
(101, 18, 17),
(102, 19, 1),
(103, 19, 2),
(104, 19, 3),
(105, 19, 4),
(106, 19, 5),
(107, 19, 6),
(108, 20, 23),
(109, 20, 24),
(110, 20, 25),
(111, 20, 26),
(112, 20, 27),
(113, 21, 28),
(114, 21, 29),
(115, 21, 30),
(116, 21, 31),
(117, 21, 32),
(118, 22, 33),
(119, 22, 34),
(120, 22, 35),
(121, 22, 36),
(122, 22, 37),
(123, 22, 38),
(124, 23, 33),
(125, 23, 34),
(126, 23, 35),
(127, 23, 36),
(128, 23, 37),
(129, 23, 38),
(130, 24, 33),
(131, 24, 34),
(132, 24, 35),
(133, 24, 36),
(134, 24, 37),
(135, 24, 38),
(136, 25, 13),
(137, 25, 14),
(138, 25, 15),
(139, 25, 16),
(140, 25, 17),
(141, 26, 33),
(142, 26, 34),
(143, 26, 35),
(144, 26, 36),
(145, 26, 37),
(146, 26, 38),
(147, 27, 1),
(148, 27, 2),
(149, 27, 3),
(150, 27, 4),
(151, 27, 5),
(152, 27, 6),
(153, 28, 18),
(154, 28, 19),
(155, 28, 20),
(156, 28, 21),
(157, 28, 22),
(158, 29, 18),
(159, 29, 19),
(160, 29, 20),
(161, 29, 21),
(162, 29, 22),
(163, 30, 1),
(164, 30, 2),
(165, 30, 3),
(166, 30, 4),
(167, 30, 5),
(168, 30, 6),
(169, 31, 7),
(170, 31, 8),
(171, 31, 9),
(172, 31, 10),
(173, 31, 11),
(174, 31, 12),
(175, 32, 13),
(176, 32, 14),
(177, 32, 15),
(178, 32, 16),
(179, 32, 17),
(180, 33, 13),
(181, 33, 14),
(182, 33, 15),
(183, 33, 16),
(184, 33, 17),
(185, 34, 18),
(186, 34, 19),
(187, 34, 20),
(188, 34, 21),
(189, 34, 22),
(190, 35, 33),
(191, 35, 34),
(192, 35, 35),
(193, 35, 36),
(194, 35, 37),
(195, 35, 38),
(196, 36, 18),
(197, 36, 19),
(198, 36, 20),
(199, 36, 21),
(200, 36, 22),
(201, 37, 23),
(202, 37, 24),
(203, 37, 25),
(204, 37, 26),
(205, 37, 27),
(206, 38, 28),
(207, 38, 29),
(208, 38, 30),
(209, 38, 31),
(210, 38, 32),
(211, 39, 1),
(212, 39, 2),
(213, 39, 3),
(214, 39, 4),
(215, 39, 5),
(216, 39, 6),
(217, 40, 7),
(218, 40, 8),
(219, 40, 9),
(220, 40, 10),
(221, 40, 11),
(222, 40, 12),
(223, 41, 13),
(224, 41, 14),
(225, 41, 15),
(226, 41, 16),
(227, 41, 17),
(228, 42, 13),
(229, 42, 14),
(230, 42, 15),
(231, 42, 16),
(232, 42, 17),
(233, 43, 18),
(234, 43, 19),
(235, 43, 20),
(236, 43, 21),
(237, 43, 22),
(238, 44, 33),
(239, 44, 34),
(240, 44, 35),
(241, 44, 36),
(242, 44, 37),
(243, 44, 38),
(244, 45, 18),
(245, 45, 19),
(246, 45, 20),
(247, 45, 21),
(248, 45, 22),
(249, 46, 23),
(250, 46, 24),
(251, 46, 25),
(252, 46, 26),
(253, 46, 27),
(254, 47, 28),
(255, 47, 29),
(256, 47, 30),
(257, 47, 31),
(258, 47, 32),
(259, 48, 7),
(260, 48, 8),
(261, 48, 9),
(262, 48, 10),
(263, 48, 11),
(264, 48, 12),
(265, 49, 1),
(266, 49, 2),
(267, 49, 3),
(268, 49, 4),
(269, 49, 5),
(270, 49, 6),
(271, 50, 13),
(272, 50, 14),
(273, 50, 15),
(274, 50, 16),
(275, 50, 17),
(276, 51, 28),
(277, 51, 29),
(278, 51, 30),
(279, 51, 31),
(280, 51, 32),
(281, 52, 1),
(282, 52, 2),
(283, 52, 3),
(284, 52, 4),
(285, 52, 5),
(286, 52, 6),
(287, 53, 7),
(288, 53, 8),
(289, 53, 9),
(290, 53, 10),
(291, 53, 11),
(292, 53, 12),
(293, 54, 13),
(294, 54, 14),
(295, 54, 15),
(296, 54, 16),
(297, 54, 17),
(298, 55, 18),
(299, 55, 19),
(300, 55, 20),
(301, 55, 21),
(302, 55, 22),
(303, 56, 23),
(304, 56, 24),
(305, 56, 25),
(306, 56, 26),
(307, 56, 27),
(308, 57, 28),
(309, 57, 29),
(310, 57, 30),
(311, 57, 31),
(312, 57, 32),
(313, 58, 13),
(314, 58, 14),
(315, 58, 15),
(316, 58, 16),
(317, 58, 17),
(318, 59, 23),
(319, 59, 24),
(320, 59, 25),
(321, 59, 26),
(322, 59, 27),
(323, 60, 1),
(324, 60, 2),
(325, 60, 3),
(326, 60, 4),
(327, 60, 5),
(328, 60, 6),
(329, 61, 18),
(330, 61, 19),
(331, 61, 20),
(332, 61, 21),
(333, 61, 22),
(334, 62, 7),
(335, 62, 8),
(336, 62, 9),
(337, 62, 10),
(338, 62, 11),
(339, 62, 12),
(340, 63, 13),
(341, 63, 14),
(342, 63, 15),
(343, 63, 16),
(344, 63, 17),
(345, 64, 33),
(346, 64, 34),
(347, 64, 35),
(348, 64, 36),
(349, 64, 37),
(350, 64, 38),
(351, 65, 1),
(352, 65, 2),
(353, 65, 3),
(354, 65, 4),
(355, 65, 5),
(356, 65, 6),
(357, 66, 7),
(358, 66, 8),
(359, 66, 9),
(360, 66, 10),
(361, 66, 11),
(362, 66, 12),
(363, 67, 13),
(364, 67, 14),
(365, 67, 15),
(366, 67, 16),
(367, 67, 17),
(368, 68, 33),
(369, 68, 34),
(370, 68, 35),
(371, 68, 36),
(372, 68, 37),
(373, 68, 38),
(374, 69, 13),
(375, 69, 14),
(376, 69, 15),
(377, 69, 16),
(378, 69, 17),
(379, 70, 23),
(380, 70, 24),
(381, 70, 25),
(382, 70, 26),
(383, 70, 27),
(384, 71, 7),
(385, 71, 8),
(386, 71, 9),
(387, 71, 10),
(388, 71, 11),
(389, 71, 12),
(390, 72, 18),
(391, 72, 19),
(392, 72, 20),
(393, 72, 21),
(394, 72, 22),
(395, 73, 1),
(396, 73, 2),
(397, 73, 3),
(398, 73, 4),
(399, 73, 5),
(400, 73, 6),
(401, 74, 7),
(402, 74, 8),
(403, 74, 9),
(404, 74, 10),
(405, 74, 11),
(406, 74, 12),
(407, 75, 13),
(408, 75, 14),
(409, 75, 15),
(410, 75, 16),
(411, 75, 17),
(412, 76, 18),
(413, 76, 19),
(414, 76, 20),
(415, 76, 21),
(416, 76, 22),
(417, 77, 23),
(418, 77, 24),
(419, 77, 25),
(420, 77, 26),
(421, 77, 27),
(422, 78, 28),
(423, 78, 29),
(424, 78, 30),
(425, 78, 31),
(426, 78, 32),
(427, 79, 33),
(428, 79, 34),
(429, 79, 35),
(430, 79, 36),
(431, 79, 37),
(432, 79, 38),
(433, 80, 1),
(434, 80, 2),
(435, 80, 3),
(436, 80, 4),
(437, 80, 5),
(438, 80, 6),
(439, 81, 7),
(440, 81, 8),
(441, 81, 9),
(442, 81, 10),
(443, 81, 11),
(444, 81, 12),
(445, 82, 13),
(446, 82, 14),
(447, 82, 15),
(448, 82, 16),
(449, 82, 17),
(450, 83, 18),
(451, 83, 19),
(452, 83, 20),
(453, 83, 21),
(454, 83, 22),
(455, 84, 23),
(456, 84, 24),
(457, 84, 25),
(458, 84, 26),
(459, 84, 27),
(460, 85, 28),
(461, 85, 29),
(462, 85, 30),
(463, 85, 31),
(464, 85, 32),
(465, 86, 33),
(466, 86, 34),
(467, 86, 35),
(468, 86, 36),
(469, 86, 37),
(470, 86, 38),
(471, 87, 1),
(472, 87, 2),
(473, 87, 3),
(474, 87, 4),
(475, 87, 5),
(476, 87, 6),
(477, 88, 1),
(478, 88, 2),
(479, 88, 3),
(480, 88, 4),
(481, 88, 5),
(482, 88, 6),
(483, 89, 7),
(484, 89, 8),
(485, 89, 9),
(486, 89, 10),
(487, 89, 11),
(488, 89, 12),
(489, 90, 13),
(490, 90, 14),
(491, 90, 15),
(492, 90, 16),
(493, 90, 17),
(494, 91, 18),
(495, 91, 19),
(496, 91, 20),
(497, 91, 21),
(498, 91, 22),
(499, 92, 23),
(500, 92, 24),
(501, 92, 25),
(502, 92, 26),
(503, 92, 27),
(504, 93, 28),
(505, 93, 29),
(506, 93, 30),
(507, 93, 31),
(508, 93, 32),
(509, 94, 33),
(510, 94, 34),
(511, 94, 35),
(512, 94, 36),
(513, 94, 37),
(514, 94, 38),
(515, 95, 7),
(516, 95, 8),
(517, 95, 9),
(518, 95, 10),
(519, 95, 11),
(520, 95, 12),
(521, 96, 18),
(522, 96, 19),
(523, 96, 20),
(524, 96, 21),
(525, 96, 22),
(526, 97, 7),
(527, 97, 8),
(528, 97, 9),
(529, 97, 10),
(530, 97, 11),
(531, 97, 12),
(532, 98, 13),
(533, 98, 14),
(534, 98, 15),
(535, 98, 16),
(536, 98, 17),
(537, 99, 18),
(538, 99, 19),
(539, 99, 20),
(540, 99, 21),
(541, 99, 22),
(542, 100, 23),
(543, 100, 24),
(544, 100, 25),
(545, 100, 26),
(546, 100, 27),
(547, 101, 28),
(548, 101, 29),
(549, 101, 30),
(550, 101, 31),
(551, 101, 32),
(552, 102, 33),
(553, 102, 34),
(554, 102, 35),
(555, 102, 36),
(556, 102, 37),
(557, 102, 38),
(558, 103, 13),
(559, 103, 14),
(560, 103, 15),
(561, 103, 16),
(562, 103, 17),
(563, 104, 18),
(564, 104, 19),
(565, 104, 20),
(566, 104, 21),
(567, 104, 22),
(568, 105, 1),
(569, 105, 2),
(570, 105, 3),
(571, 105, 4),
(572, 105, 5),
(573, 105, 6),
(574, 106, 13),
(575, 106, 14),
(576, 106, 15),
(577, 106, 16),
(578, 106, 17);

-- --------------------------------------------------------

--
-- Table structure for table `unknownapp_bmlivestats_template`
--

CREATE TABLE IF NOT EXISTS `unknownapp_bmlivestats_template` (
  `template_id` int(11) NOT NULL AUTO_INCREMENT,
  `event_type_id` int(11) NOT NULL,
  `name` varchar(100) NOT NULL,
  `slug` varchar(100) NOT NULL,
  `order` tinyint(4) NOT NULL,
  PRIMARY KEY (`template_id`)
) ENGINE=MyISAM  DEFAULT CHARSET=utf8 AUTO_INCREMENT=39 ;

--
-- Dumping data for table `unknownapp_bmlivestats_template`
--

INSERT INTO `unknownapp_bmlivestats_template` (`template_id`, `event_type_id`, `name`, `slug`, `order`) VALUES
(1, 1, 'No.', 'number', 1),
(2, 1, 'Contestant', 'contestant', 2),
(3, 1, 'Hometown', 'hometown', 3),
(4, 1, 'Stock', 'stock', 4),
(5, 1, 'Score', 'score', 5),
(6, 1, 'Notes', 'notes', 6),
(7, 2, 'No.', 'number', 1),
(8, 2, 'Contestant', 'contestant', 2),
(9, 2, 'Hometown', 'hometown', 3),
(10, 2, 'Stock', 'stock', 4),
(11, 2, 'Score', 'score', 5),
(12, 2, 'Notes', 'notes', 6),
(13, 3, 'No.', 'number', 1),
(14, 3, 'Contestant', 'contestant', 2),
(15, 3, 'Hometown', 'hometown', 3),
(16, 3, 'Time', 'time', 4),
(17, 3, 'Notes', 'notes', 5),
(18, 4, 'No.', 'number', 1),
(19, 4, 'Contestant', 'contestant', 2),
(20, 4, 'Hometown', 'hometown', 3),
(21, 4, 'Time', 'time', 4),
(22, 4, 'Notes', 'notes', 5),
(23, 5, 'No.', 'number', 1),
(24, 5, 'Contestant', 'contestant', 2),
(25, 5, 'Hometown', 'hometown', 3),
(26, 5, 'Score', 'score', 4),
(27, 5, 'Notes', 'notes', 5),
(28, 6, 'No.', 'number', 1),
(29, 6, 'Contestant', 'contestant', 2),
(30, 6, 'Hometown', 'hometown', 3),
(31, 6, 'Time', 'time', 4),
(32, 6, 'Notes', 'notes', 5),
(33, 7, 'No.', 'number', 1),
(34, 7, 'Contestant', 'contestant', 2),
(35, 7, 'Hometown', 'hometown', 3),
(36, 7, 'Stock', 'stock', 4),
(37, 7, 'Score', 'score', 5),
(38, 7, 'Notes', 'notes', 6);

/*!40101 SET CHARACTER_SET_CLIENT=@OLD_CHARACTER_SET_CLIENT */;
/*!40101 SET CHARACTER_SET_RESULTS=@OLD_CHARACTER_SET_RESULTS */;
/*!40101 SET COLLATION_CONNECTION=@OLD_COLLATION_CONNECTION */;
